﻿<?xml version="1.0" standalone="yes"?>
<root>
	<View>
    <CheckBox name="testCheck" label="Follow" />
    <OptionCheckBox name="textOptionCheckbox" label="Draw Stuff" opt_category="AOSharp" opt_type="variant" opt_variable="TestPlugin__DrawStuff"/>
    <TextView name="testTextView" value="Desu" layout_borders="Rect(5,5,5,0)" />
    <TextInputView name="testTextInput" max_size="Point(150,15)" min_size="Point(150,15)"  layout_borders="Rect(5,5,5,0)" />
    <PowerBar name="testPowerBar" bg_gfx="GFX_GUI_SHORT_HOR_BAR_EMPTY" full_gfx="GFX_GUI_SHORT_HOR_BAR_RED"/>
    <ComboBox name="testComboBox"/>
    <Button label="loli" name="testButton" layout_borders="Rect(10,10,10,0)"/>
    <TextButton
      name="testButton2"
      font="HUGE"
      text="loli"
      color="0x0080E9F3"
      hover_color="0x00FFFFFF"
      pressed_color="0x00EE4444"
      layout_borders="Rect(0,0,0,0)"/>
	</View>
</root>