﻿<?xml version="1.0" standalone="yes"?>
<root>
	<BorderView v_alignment="TOP" h_alignment="CENTER" view_layout="vertical" name="Helper" layout_borders="Rect(5,5,5,5)" max_size="Point(16000,-1)">
    <TextView value="" layout_borders="Rect(5,5,5,5)"/>
    <BitmapView bitmap_id="GFX_GUI_FRIENDLIST_SPLITTER" layout_borders="Rect(5,5,5,5)"/>
    <Button name="AssistManagerInfoView" label="Info" layout_borders="Rect(5,5,3,5)"/>
    <BitmapView bitmap_id="GFX_GUI_FRIENDLIST_SPLITTER" layout_borders="Rect(5,5,5,5)"/>
    <TextView value="" layout_borders="Rect(5,5,5,5)"/>
    <OptionCheckBox label="Enabled" opt_category="AOSharp" opt_type="variant" opt_variable="AssistManager__Toggle" layout_borders="Rect(10,1,5,1)"/>
    <!--<OptionRadioButtonGroup label="" layout_borders="Rect(10,1,5,1)" opt_type="variant" opt_variable="AssistManager__AttackSelection">
      <RadioButton label="None" value="0"/>
      <RadioButton label="Assist" value="1"/>
      <TextInputView name="AssistNamedCharacter" min_size="Point(145,14)" max_size="Point(145,14)" layout_borders="Rect(5,5,5,5)"/>
    </OptionRadioButtonGroup>-->
    <TextView value="" layout_borders="Rect(5,5,5,5)"/>
    <BitmapView bitmap_id="GFX_GUI_FRIENDLIST_SPLITTER" layout_borders="Rect(5,5,5,5)"/>
    <TextView value="" layout_borders="Rect(5,5,5,5)"/>
    <TextView value="Characters name" layout_borders="Rect(5,5,5,5)"/>
    <TextInputView name="AssistNamedCharacter" min_size="Point(115,14)" max_size="Point(115,14)" layout_borders="Rect(5,5,5,5)"/>
    <TextView value="" layout_borders="Rect(5,5,5,5)"/>
    <BitmapView bitmap_id="GFX_GUI_FRIENDLIST_SPLITTER" layout_borders="Rect(5,5,5,5)"/>
    <TextView value="" layout_borders="Rect(5,5,5,5)"/>
	</BorderView>	
</root>