﻿<?xml version="1.0" standalone="yes"?>
<root>
  <BorderView v_alignment="TOP" h_alignment="Left" view_layout="vertical" name="Settings" layout_borders="Rect(0,0,0,2)" max_size="Point(16000,-1)">
    <TextView value="" layout_borders="Rect(5,5,5,5)"/>
    <OptionRadioButtonGroup label="Mode" layout_borders="Rect(10,1,5,1)" opt_type="variant" opt_variable="CombatHandler__ModeSelection">
      <RadioButton label="None" value="0"/>
      <RadioButton label="All" value="1"/>
      <RadioButton label="Adds" value="2"/>
    </OptionRadioButtonGroup>
    <TextView value="" layout_borders="Rect(5,5,5,5)"/>
    <OptionRadioButtonGroup label="Type" layout_borders="Rect(10,1,5,1)" opt_type="variant" opt_variable="CombatHandler__CalmingSelection">
      <RadioButton label="SL" value="0"/>
      <RadioButton label="RK" value="1"/>
      <RadioButton label="AOE" value="2"/>
    </OptionRadioButtonGroup>
    <TextView value="" layout_borders="Rect(5,5,5,5)"/>
  </BorderView>
</root>