﻿<?xml version="1.0" standalone="yes"?>
<root>
  <BorderView v_alignment="TOP" h_alignment="LEFT" view_layout="vertical" name="HelperHelpBox" layout_borders="Rect(0,0,0,2)" max_size="Point(16000,-1)">
    <TextView value="" layout_borders="Rect(0,0,0,2)"/>
    <OptionCheckBox label="(Local) Buffing" opt_category="AOSharp" opt_type="variant" opt_variable="CombatHandler__Buffing" layout_borders="Rect(10,1,5,1)"/>
    <OptionCheckBox label="(Local) Composites" opt_category="AOSharp" opt_type="variant" opt_variable="CombatHandler__Composites" layout_borders="Rect(10,1,5,1)"/>
    <TextView value="" layout_borders="Rect(0,0,0,2)"/>
    <OptionCheckBox label="Zazen Stance" opt_category="AOSharp" opt_type="variant" opt_variable="CombatHandler__Zazen" layout_borders="Rect(10,1,5,1)"/>
    <TextView value="" layout_borders="Rect(5,5,5,5)"/>
    <OptionCheckBox label="Short Damage" opt_category="AOSharp" opt_type="variant" opt_variable="CombatHandler__ShortDamage" layout_borders="Rect(10,1,5,1)"/>
    <TextView value="" layout_borders="Rect(5,5,5,5)"/>
    <OptionRadioButtonGroup label="Damage Types" layout_borders="Rect(10,1,5,1)" opt_type="variant" opt_variable="CombatHandler__DamageTypeSelection">
      <RadioButton label="Melee" value="0"/>
      <RadioButton label="Fire" value="1"/>
      <RadioButton label="Energy" value="2"/>
      <RadioButton label="Chemical" value="3"/>
    </OptionRadioButtonGroup>
    <TextView value=" " layout_borders="Rect(5,5,5,5)"/>
    <OptionRadioButtonGroup label="Evades" layout_borders="Rect(10,1,5,1)" opt_type="variant" opt_variable="CombatHandler__EvadesSelection">
      <RadioButton label="None" value="0"/>
      <RadioButton label="Self" value="1"/>
      <RadioButton label="Team" value="2"/>
    </OptionRadioButtonGroup>
    <TextView value=" " layout_borders="Rect(5,5,5,5)"/>
  </BorderView>
</root>