﻿<?xml version="1.0" standalone="yes"?>
<root>
	<View view_layout="vertical" name="parent">
		<BorderView v_alignment="TOP" h_alignment="LEFT" view_layout="vertical" name="DevTools_Enumerators" layout_borders="Rect(5,5,5,5)" max_size="Point(16000,-1)">
			<TextView value=" " layout_borders="Rect(5,5,5,5)"/>

			<View v_alignment="TOP" h_alignment="CENTER" view_layout="vertical" layout_borders="Rect(5,5,5,5)" max_size="Point(200,1)">
				<Button name="Open_Command" label="Command" layout_borders="Rect(5,5,3,5)"/>
				<Button name="Open_Destination" label="Destination" layout_borders="Rect(5,5,3,5)"/>
				<Button name="Open_GFX" label="GFX" layout_borders="Rect(5,5,3,5)"/>
				<Button name="Open_Hotspot" label="Hotspot" layout_borders="Rect(5,5,3,5)"/>
				<Button name="Open_Key" label="Key" layout_borders="Rect(5,5,3,5)"/>
				<Button name="Open_Packet" label="Packet" layout_borders="Rect(5,5,3,5)"/>
				<Button name="Open_Program" label="Program" layout_borders="Rect(5,5,3,5)"/>
			</View>
			<TextView value=" " layout_borders="Rect(5,5,5,5)"/>
		</BorderView>
	</View>
</root>