﻿<?xml version="1.0" standalone="yes"?>
<root>
	<View view_layout="vertical" name="parent">
		<BorderView v_alignment="TOP" h_alignment="LEFT" view_layout="vertical" name="DevTools_ControlPanel" layout_borders="Rect(5,5,5,5)" max_size="Point(16000,-1)">
			<TextView value=" " layout_borders="Rect(5,5,5,5)"/>

			<!-- Display packets - Need to move these to their own section -->
			<BitmapView bitmap_id="GFX_GUI_FRIENDLIST_SPLITTER" layout_borders="Rect(5,5,5,5)"/>
			<TextView value="         Raw Network" layout_borders="Rect(5,5,5,5)"/>
			<BitmapView bitmap_id="GFX_GUI_FRIENDLIST_SPLITTER" layout_borders="Rect(5,5,5,5)"/>
			<View v_alignment="TOP" h_alignment="CENTER" view_layout="horizontal" layout_borders="Rect(5,5,5,5)" max_size="Point(16000,-1)">
				<OptionCheckBox label="Print Inbound Packets" opt_category="AOSharp" opt_type="variant" opt_variable="DevTools__PrintInboundPackets" layout_borders="Rect(10,1,5,1)"/>
				<OptionCheckBox label="Print Outbound Packets" opt_category="AOSharp" opt_type="variant" opt_variable="DevTools__PrintOutboundPackets" layout_borders="Rect(10,1,5,1)"/>
			</View>
			<TextView value=" " layout_borders="Rect(5,5,5,5)"/>

		</BorderView>
	</View>
</root>