﻿<?xml version="1.0" standalone="yes"?>
<root>
	<View view_layout="vertical" name="parent">
		<BorderView v_alignment="TOP" h_alignment="LEFT" view_layout="vertical" name="DevTools_Modules" layout_borders="Rect(5,5,5,5)" max_size="Point(16000,-1)">
			<TextView value=" " layout_borders="Rect(5,5,5,5)"/>

			<View v_alignment="TOP" h_alignment="CENTER" view_layout="vertical" layout_borders="Rect(5,5,5,5)" max_size="Point(200,1)">
				<Button name="Open_VisualFX_t" label="VisualFX_t" layout_borders="Rect(5,5,3,5)"/>
				<Button name="Open_FlowControlModule_t" label="FlowControlModule_t" layout_borders="Rect(5,5,3,5)"/>
				<Button name="Open_SceneBase_t" label="SceneBase_t" layout_borders="Rect(5,5,3,5)"/>
				<Button name="Open_DisplaySystem_t" label="DisplaySystem_t" layout_borders="Rect(5,5,3,5)"/>
			</View>
			<TextView value=" " layout_borders="Rect(5,5,5,5)"/>
		</BorderView>
	</View>
</root>