﻿<?xml version="1.0" standalone="yes"?>
<root>
	<BorderView v_alignment="TOP" h_alignment="CENTER" view_layout="vertical" name="CombatHandlerCommands" layout_borders="Rect(5,5,5,5)" max_size="Point(16000,-1)">
		<TextView value="" layout_borders="Rect(5,5,5,5)"/>
		<BitmapView bitmap_id="GFX_GUI_FRIENDLIST_SPLITTER" layout_borders="Rect(5,5,5,5)"/>
		<TextView value="" layout_borders="Rect(5,5,5,5)"/>
		<Button name="CombatHandlerPetAttack" label="Attack" layout_borders="Rect(5,5,3,5)"/>
		<Button name="CombatHandlerPetWait" label="Wait" layout_borders="Rect(5,5,3,5)"/>
		<Button name="CombatHandlerPetWarp" label="Warp" layout_borders="Rect(5,5,3,5)"/>
		<Button name="CombatHandlertPetFollow" label="Follow" layout_borders="Rect(5,5,3,5)"/>
		<TextView value="" layout_borders="Rect(5,5,5,5)"/>
		<BitmapView bitmap_id="GFX_GUI_FRIENDLIST_SPLITTER" layout_borders="Rect(5,5,5,5)"/>
		<TextView value="" layout_borders="Rect(5,5,5,5)"/>
	</BorderView>
</root>