﻿<?xml version="1.0" standalone="yes"?>
<root>
  <BorderView v_alignment="TOP" h_alignment="LEFT" view_layout="vertical" name="HelperHelpBox" layout_borders="Rect(0,0,0,2)" max_size="Point(16000,-1)">
    <TextView value="" layout_borders="Rect(0,0,0,2)"/>
    <OptionCheckBox label="(Local) Buffing" opt_category="AOSharp" opt_type="variant" opt_variable="CombatHandler__Buffing" layout_borders="Rect(10,1,5,1)"/>
    <OptionCheckBox label="(Local) Composites" opt_category="AOSharp" opt_type="variant" opt_variable="CombatHandler__Composites" layout_borders="Rect(10,1,5,1)"/>
    <TextView value="" layout_borders="Rect(0,0,0,2)"/>
    <OptionCheckBox label="(Team) Nano Resist" opt_category="AOSharp" opt_type="variant" opt_variable="CombatHandler__NanoResistTeam" layout_borders="Rect(10,1,5,1)"/>
    <TextView value="" layout_borders="Rect(0,0,0,2)"/>
    <OptionRadioButtonGroup label="Short Hp" layout_borders="Rect(10,1,5,1)" opt_type="variant" opt_variable="CombatHandler__ShortHpSelection">
      <RadioButton label="None" value="0"/>
      <RadioButton label="Self" value="1"/>
      <RadioButton label="Team" value="2"/>
    </OptionRadioButtonGroup>
    <TextView value="" layout_borders="Rect(0,0,0,2)"/>
    <OptionRadioButtonGroup label="Short HOT" layout_borders="Rect(10,1,5,1)" opt_type="variant" opt_variable="CombatHandler__ShortHOTSelection">
      <RadioButton label="None" value="0"/>
      <RadioButton label="Self" value="1"/>
      <RadioButton label="Team" value="2"/>
      <RadioButton label="Team Deathless-Blessing" value="3"/>
    </OptionRadioButtonGroup>
    <TextView value=" " layout_borders="Rect(5,5,5,5)"/>
    <OptionRadioButtonGroup label="Inits" layout_borders="Rect(10,1,5,1)" opt_type="variant" opt_variable="CombatHandler__InitBuffSelection">
      <RadioButton label="None" value="0"/>
      <RadioButton label="Self" value="1"/>
      <RadioButton label="Team" value="2"/>
    </OptionRadioButtonGroup>
    <TextView value=" " layout_borders="Rect(5,5,5,5)"/>
  </BorderView>
</root>