﻿<?xml version="1.0" standalone="yes"?>
<root>
	<BorderView v_alignment="TOP" h_alignment="LEFT" view_layout="vertical" name="DevTools_SceneBase_t" layout_borders="Rect(0,0,0,2)" max_size="Point(16000,-1)">
		<TextView value=" " layout_borders="Rect(0,0,0,2)"/>

		<!-- Misc. Command Buttons -->
		<BitmapView bitmap_id="GFX_GUI_FRIENDLIST_SPLITTER" layout_borders="Rect(5,5,5,5)"/>
		<TextView value="         Actions" layout_borders="Rect(5,5,5,5)"/>
		<BitmapView bitmap_id="GFX_GUI_FRIENDLIST_SPLITTER" layout_borders="Rect(5,5,5,5)"/>
		<View v_alignment="TOP" h_alignment="LEFT" view_layout="vertical" layout_borders="Rect(5,5,5,5)" max_size="Point(200,1)">
			<button name="SceneBase_t::EnableDebugTextArea()" label="SceneBase_t::EnableDebugTextArea()" layout_borders="Rect(5,5,3,5)"/>
		</View>



		<TextView value=" " layout_borders="Rect(5,5,5,5)"/>
	</BorderView>
</root>