﻿<?xml version="1.0" standalone="yes"?>
<root>
	<BorderView v_alignment="TOP" h_alignment="LEFT" view_layout="vertical" name="DevTools_VisualEnvFX_t" layout_borders="Rect(0,0,0,2)" max_size="Point(16000,-1)">
		<TextView value=" " layout_borders="Rect(0,0,0,2)"/>
		
		<!-- Misc. Command Buttons -->
		<BitmapView bitmap_id="GFX_GUI_FRIENDLIST_SPLITTER" layout_borders="Rect(5,5,5,5)"/>
		<TextView value="         Actions" layout_borders="Rect(5,5,5,5)"/>
		<BitmapView bitmap_id="GFX_GUI_FRIENDLIST_SPLITTER" layout_borders="Rect(5,5,5,5)"/>
		<View v_alignment="TOP" h_alignment="LEFT" view_layout="vertical" layout_borders="Rect(5,5,5,5)" max_size="Point(200,1)">
			<button name="VisualEnvFX_t::ToggleOcclusionCulling()" label="VisualEnvFX_t::ToggleOcclusionCulling()" layout_borders="Rect(5,5,3,5)"/>
			<button name="VisualEnvFX_t::ToggleRandyDebuggerDepthDisplay()" label="VisualEnvFX_t::ToggleRandyDebuggerDepthDisplay()" layout_borders="Rect(5,5,3,5)"/>
			<button name="VisualEnvFX_t::ToggleRandyDebuggerDoNotRender()" label="VisualEnvFX_t::ToggleRandyDebuggerDoNotRender()" layout_borders="Rect(5,5,3,5)"/>
			<button name="VisualEnvFX_t::ToggleRandyDebuggerKDTreeDisplay()" label="VisualEnvFX_t::ToggleRandyDebuggerKDTreeDisplay()" layout_borders="Rect(5,5,3,5)"/>
			<button name="VisualEnvFX_t::ToggleRandyDebuggerOcclusionBodies()" label="VisualEnvFX_t::ToggleRandyDebuggerOcclusionBodies()" layout_borders="Rect(5,5,3,5)"/>
			<button name="VisualEnvFX_t::ToggleRandyDebuggerOcclusionScan()" label="VisualEnvFX_t::ToggleRandyDebuggerOcclusionScan()" layout_borders="Rect(5,5,3,5)"/>
			<button name="VisualEnvFX_t::ToggleRandyDebuggerOcclusionTest()" label="VisualEnvFX_t::ToggleRandyDebuggerOcclusionTest()" layout_borders="Rect(5,5,3,5)"/>
			<button name="VisualEnvFX_t::ToggleRandyDebuggerOffscreenDisplay()" label="VisualEnvFX_t::ToggleRandyDebuggerOffscreenDisplay()" layout_borders="Rect(5,5,3,5)"/>
			<button name="VisualEnvFX_t::ToggleRandyDebuggerRefractionDisplay()" label="VisualEnvFX_t::ToggleRandyDebuggerRefractionDisplay()" layout_borders="Rect(5,5,3,5)"/>
			<button name="VisualEnvFX_t::ToggleRandyDebuggerShowCATWireframe()" label="VisualEnvFX_t::ToggleRandyDebuggerShowCATWireframe()" layout_borders="Rect(5,5,3,5)"/>
			<button name="VisualEnvFX_t::ToggleRandyDebuggerShowGroundWireframe()" label="VisualEnvFX_t::ToggleRandyDebuggerShowGroundWireframe()" layout_borders="Rect(5,5,3,5)"/>
			<button name="VisualEnvFX_t::ToggleRandyDebuggerShowLiquidWireframe()" label="VisualEnvFX_t::ToggleRandyDebuggerShowLiquidWireframe()" layout_borders="Rect(5,5,3,5)"/>
			<button name="VisualEnvFX_t::ToggleRandyDebuggerShowMouseFix()" label="VisualEnvFX_t::ToggleRandyDebuggerShowMouseFix()" layout_borders="Rect(5,5,3,5)"/>
			<button name="VisualEnvFX_t::ToggleRandyDebuggerShowStatelWireframe()" label="VisualEnvFX_t::ToggleRandyDebuggerShowStatelWireframe()" layout_borders="Rect(5,5,3,5)"/>
			<button name="VisualEnvFX_t::ToggleRandyDebuggerShowSurfaceSliding()" label="VisualEnvFX_t::ToggleRandyDebuggerShowSurfaceSliding()" layout_borders="Rect(5,5,3,5)"/>
			<button name="VisualEnvFX_t::ToggleRandyDebuggerSphereTest()" label="VisualEnvFX_t::ToggleRandyDebuggerSphereTest()" layout_borders="Rect(5,5,3,5)"/>
			<button name="VisualEnvFX_t::ToggleRandyDebuggerSyncDisplay()" label="VisualEnvFX_t::ToggleRandyDebuggerSyncDisplay()" layout_borders="Rect(5,5,3,5)"/>
			<button name="VisualEnvFX_t::ToggleRandyDebuggerToggleCapOffscreen()" label="VisualEnvFX_t::ToggleRandyDebuggerToggleCapOffscreen()" layout_borders="Rect(5,5,3,5)"/>
			<button name="VisualEnvFX_t::ToggleRandyDebuggerToggleCapRefraction()" label="VisualEnvFX_t::ToggleRandyDebuggerToggleCapRefraction()" layout_borders="Rect(5,5,3,5)"/>
		</View>



		<TextView value=" " layout_borders="Rect(5,5,5,5)"/>
	</BorderView>
</root>