﻿<?xml version="1.0" standalone="yes"?>
<root>
  <BorderView v_alignment="TOP" h_alignment="LEFT" view_layout="vertical" name="HelperHelpBox" layout_borders="Rect(0,0,0,2)" max_size="Point(16000,-1)">
    <TextView value="" layout_borders="Rect(0,0,0,2)"/>
    <OptionCheckBox label="Pierce Reflects" opt_category="AOSharp" opt_type="variant" opt_variable="CombatHandler__Pierce" layout_borders="Rect(10,1,5,1)"/>
    <OptionCheckBox label="AI DoT" opt_category="AOSharp" opt_type="variant" opt_variable="CombatHandler__AIDot" layout_borders="Rect(10,1,5,1)"/>
    <TextView value=" " layout_borders="Rect(5,5,5,5)"/>
      <OptionRadioButtonGroup label="Area Nukes" layout_borders="Rect(10,1,5,1)" opt_type="variant" opt_variable="CombatHandler__AOESelection">
        <RadioButton label="None" value="0"/>
        <RadioButton label="Normal" value="1"/>
        <RadioButton label="VE" value="2"/>
      </OptionRadioButtonGroup>
    <TextView value="" layout_borders="Rect(5,5,5,5)"/>
  </BorderView>
</root>