﻿<?xml version="1.0" standalone="yes"?>
<root>
  <View h_alignment="LEFT" view_layout="vertical" name="parent">
    <BorderView v_alignment="TOP" h_alignment="LEFT" view_layout="vertical" name="Settings" layout_borders="Rect(5,5,5,5)" max_size="Point(16000,-1)">
      <View v_alignment="TOP" h_alignment="CENTER" view_layout="vertical" layout_borders="Rect(5,5,5,5)" max_size="Point(16000,-1)">
        <TextView value="" layout_borders="Rect(0,0,0,2)"/>
        <TextView value="Channel" layout_borders="Rect(5,5,5,5)"/>
        <TextInputView name="ChannelBox" min_size="Point(30,14)" max_size="Point(30,14)" layout_borders="Rect(4,4,4,4)"/>
        <View v_alignment="TOP" h_alignment="LEFT" view_layout="vertical" name="Settings" layout_borders="Rect(5,5,5,5)" max_size="Point(16000,-1)">
          <TextView value="" layout_borders="Rect(0,0,0,2)"/>
          <TextView value="Nano Aegis %" layout_borders="Rect(5,5,5,5)"/>
          <TextInputView name="NTNanoAegisPercentageBox" min_size="Point(30,14)" max_size="Point(30,14)" layout_borders="Rect(4,4,4,4)"/>
          <TextView value="" layout_borders="Rect(0,0,0,2)"/>
          <TextView value="Nullity Sphere %" layout_borders="Rect(5,5,5,5)"/>
          <TextInputView name="NTNullitySpherePercentageBox" min_size="Point(30,14)" max_size="Point(30,14)" layout_borders="Rect(4,4,4,4)"/>
          <TextView value="" layout_borders="Rect(0,0,0,2)"/>
          <TextView value="Izgimmers Wealth %" layout_borders="Rect(5,5,5,5)"/>
          <TextInputView name="NTIzgimmersWealthPercentageBox" min_size="Point(30,14)" max_size="Point(30,14)" layout_borders="Rect(4,4,4,4)"/>
        </View>
        <!--<TextView value="" layout_borders="Rect(5,5,5,5)"/>-->
        <!--<OptionCheckBox label="Pierce Reflects" opt_category="AOSharp" opt_type="variant" opt_variable="CombatHandler__Pierce" layout_borders="Rect(10,1,5,1)"/>
        <OptionCheckBox label="AI DoT" opt_category="AOSharp" opt_type="variant" opt_variable="CombatHandler__AIDot" layout_borders="Rect(10,1,5,1)"/>
        <TextView value=" " layout_borders="Rect(5,5,5,5)"/>
        <View v_alignment="TOP" h_alignment="LEFT" view_layout="vertical" layout_borders="Rect(5,5,5,5)" max_size="Point(16000,-1)">
        <OptionRadioButtonGroup label="Area Nukes" layout_borders="Rect(10,1,5,1)" opt_type="variant" opt_variable="CombatHandler__AOESelection">
          <RadioButton label="None" value="0"/>
          <RadioButton label="Normal" value="1"/>
          <RadioButton label="VE" value="2"/>
        </OptionRadioButtonGroup>-->
        <!--<TextView value=" " layout_borders="Rect(5,5,5,5)"/>
        <OptionRadioButtonGroup label="Blinds" layout_borders="Rect(10,1,5,1)" opt_type="variant" opt_variable="CombatHandler__BlindSelection">
          <RadioButton label="None" value="0"/>
          <RadioButton label="Target" value="1"/>
          <RadioButton label="AOE" value="2"/>
        </OptionRadioButtonGroup>-->
        <!--</View>-->
        <TextView value=" " layout_borders="Rect(5,5,5,5)"/>
        <BitmapView bitmap_id="GFX_GUI_FRIENDLIST_SPLITTER" layout_borders="Rect(5,5,5,5)"/>
        <Button name="NukesView" label="Nukes" layout_borders="Rect(5,5,3,5)"/>
        <BitmapView bitmap_id="GFX_GUI_FRIENDLIST_SPLITTER" layout_borders="Rect(5,5,5,5)"/>
        <Button name="BuffsView" label="Buffs" layout_borders="Rect(5,5,3,5)"/>
        <BitmapView bitmap_id="GFX_GUI_FRIENDLIST_SPLITTER" layout_borders="Rect(5,5,5,5)"/>
        <Button name="DebuffsView" label="Debuffs" layout_borders="Rect(5,5,3,5)"/>
        <BitmapView bitmap_id="GFX_GUI_FRIENDLIST_SPLITTER" layout_borders="Rect(5,5,5,5)"/>
        <Button name="ProcsView" label="Procs" layout_borders="Rect(5,5,3,5)"/>
        <BitmapView bitmap_id="GFX_GUI_FRIENDLIST_SPLITTER" layout_borders="Rect(5,5,5,5)"/>
        <TextView value="" layout_borders="Rect(5,5,5,5)"/>
      </View>
    </BorderView>
  </View>
</root>