﻿<?xml version="1.0" standalone="yes"?>
<root>
	<BorderView v_alignment="TOP" h_alignment="CENTER" view_layout="vertical" name="MitaarInfoView" layout_borders="Rect(0,0,0,2)" max_size="Point(16000,-1)">
		<TextView value=" " layout_borders="Rect(0,0,0,2)"/>
		<BitmapView bitmap_id="GFX_GUI_FRIENDLIST_SPLITTER" layout_borders="Rect(0,0,0,2)"/>
		<TextView value="MitaarBuddy" layout_borders="Rect(0,0,0,2)"/>
		<BitmapView bitmap_id="GFX_GUI_FRIENDLIST_SPLITTER" layout_borders="Rect(0,0,0,2)"/>
		<TextView value=" " layout_borders="Rect(0,0,0,2)"/>
		<TextView value="Inject MitaarBuddy and Handlers on each toon, add lootmanager if farming." layout_borders="Rect(0,0,0,2)"/>
		<TextView value="Nothing else is required." layout_borders="Rect(0,0,0,2)"/>
		<TextView value=" " layout_borders="Rect(0,0,0,2)"/>
		<BitmapView bitmap_id="GFX_GUI_FRIENDLIST_SPLITTER" layout_borders="Rect(0,0,0,2)"/>
		<TextView value=" " layout_borders="Rect(0,0,0,2)"/>
		<TextView value="Farming = Paths to corpse, breaks team after 20 seconds," layout_borders="Rect(0,0,0,2)"/>
		<TextView value="Use lootmanager. Do not delete leftovers! Disband team in mitaar if not farming" layout_borders="Rect(0,0,0,2)"/>
		<TextView value=" " layout_borders="Rect(0,0,0,2)"/>
		<BitmapView bitmap_id="GFX_GUI_FRIENDLIST_SPLITTER" layout_borders="Rect(0,0,0,2)"/>
		<TextView value=" " layout_borders="Rect(0,0,0,2)"/>
		<TextView value="Easy = Stops attacking when spirits spawn then paths to them." layout_borders="Rect(0,0,0,2)"/>
		<TextView value="Med = No pathing and stay on red." layout_borders="Rect(0,0,0,2)"/>
		<TextView value="Hardcore = Paths to spirits and keep attacking" layout_borders="Rect(0,0,0,2)"/>
		<TextView value=" " layout_borders="Rect(0,0,0,2)"/>
		<BitmapView bitmap_id="GFX_GUI_FRIENDLIST_SPLITTER" layout_borders="Rect(0,0,0,2)"/>
		<TextView value=" " layout_borders="Rect(0,0,0,2)"/>
	</BorderView>
</root>