﻿<?xml version="1.0" standalone="yes"?>
<root>
  <BorderView v_alignment="TOP" h_alignment="LEFT" view_layout="vertical" name="HelperHelpBox" layout_borders="Rect(0,0,0,2)" max_size="Point(16000,-1)">
    <TextView value="" layout_borders="Rect(5,5,5,5)"/>
    <OptionCheckBox label="(Local) Buffing" opt_category="AOSharp" opt_type="variant" opt_variable="CombatHandler__Buffing" layout_borders="Rect(10,1,5,1)"/>
    <OptionCheckBox label="(Local) Composites" opt_category="AOSharp" opt_type="variant" opt_variable="CombatHandler__Composites" layout_borders="Rect(10,1,5,1)"/>
    <TextView value=" " layout_borders="Rect(5,5,5,5)"/>
    <OptionRadioButtonGroup label="Cost" layout_borders="Rect(10,1,5,1)" opt_type="variant" opt_variable="CombatHandler__CostBuffSelection">
      <RadioButton label="Self" value="0"/>
      <RadioButton label="Team" value="1"/>
    </OptionRadioButtonGroup>
    <TextView value=" " layout_borders="Rect(5,5,5,5)"/>
    <OptionCheckBox label="Replenish Nano Skills" opt_category="AOSharp" opt_type="variant" opt_variable="CombatHandler__Replenish" layout_borders="Rect(10,1,5,1)"/>
    <TextView value=" " layout_borders="Rect(5,5,5,5)"/>
    <OptionRadioButtonGroup label="Composite Nano Skills" layout_borders="Rect(10,1,5,1)" opt_type="variant" opt_variable="CombatHandler__CompositeNanoSkillsBuffSelection">
      <RadioButton label="None" value="0"/>
      <RadioButton label="Self" value="1"/>
      <RadioButton label="Team" value="2"/>
    </OptionRadioButtonGroup>
    <TextView value=" " layout_borders="Rect(5,5,5,5)"/>
    <OptionRadioButtonGroup label="Interrupt" layout_borders="Rect(10,1,5,1)" opt_type="variant" opt_variable="CombatHandler__InterruptSelection">
      <RadioButton label="None" value="0"/>
      <RadioButton label="Self" value="1"/>
      <RadioButton label="Team" value="2"/>
    </OptionRadioButtonGroup>
    <TextView value=" " layout_borders="Rect(5,5,5,5)"/>
    <!--<OptionCheckBox label="Space Time" opt_category="AOSharp" opt_type="variant" opt_variable="CombatHandler__TimeSpace" layout_borders="Rect(10,1,5,1)"/>
    <OptionCheckBox label="Matter Crea" opt_category="AOSharp" opt_type="variant" opt_variable="CombatHandler__MatterCrea" layout_borders="Rect(10,1,5,1)"/>
    <OptionCheckBox label="Bio Metamor" opt_category="AOSharp" opt_type="variant" opt_variable="CombatHandler__BioMet" layout_borders="Rect(10,1,5,1)"/>
    <OptionCheckBox label="Matt Metam" opt_category="AOSharp" opt_type="variant" opt_variable="CombatHandler__MattMet" layout_borders="Rect(10,1,5,1)"/>
    <OptionCheckBox label="Psycho Modi" opt_category="AOSharp" opt_type="variant" opt_variable="CombatHandler__PyschoModi" layout_borders="Rect(10,1,5,1)"/>
    <OptionCheckBox label="Sensory Impr" opt_category="AOSharp" opt_type="variant" opt_variable="CombatHandler__SenseImprov" layout_borders="Rect(10,1,5,1)"/>-->
  </BorderView>
</root>