﻿<?xml version="1.0" standalone="yes"?>
<root>
  <BorderView v_alignment="TOP" h_alignment="LEFT" view_layout="vertical" name="HelperHelpBox" layout_borders="Rect(0,0,0,2)" max_size="Point(16000,-1)">
    <TextView value="" layout_borders="Rect(0,0,0,2)"/>
    <OptionCheckBox label="(Local) Buffing" opt_category="AOSharp" opt_type="variant" opt_variable="CombatHandler__Buffing" layout_borders="Rect(10,1,5,1)"/>
    <OptionCheckBox label="(Local) Composites" opt_category="AOSharp" opt_type="variant" opt_variable="CombatHandler__Composites" layout_borders="Rect(10,1,5,1)"/>
    <TextView value="" layout_borders="Rect(0,0,0,2)"/>
    <OptionRadioButtonGroup label="Buffing Auras" layout_borders="Rect(10,1,5,1)" opt_type="variant" opt_variable="CombatHandler__AuraSet1Selection">
      <RadioButton label="Heal" value="0"/>
      <RadioButton label="Nano" value="1"/>
    </OptionRadioButtonGroup>
    <OptionRadioButtonGroup label=" " layout_borders="Rect(10,1,5,1)" opt_type="variant" opt_variable="CombatHandler__AuraSet2Selection">
      <RadioButton label="Damage" value="0"/>
      <RadioButton label="De-Root" value="1"/>
    </OptionRadioButtonGroup>
    <OptionRadioButtonGroup label=" " layout_borders="Rect(10,1,5,1)" opt_type="variant" opt_variable="CombatHandler__AuraSet3Selection">
      <RadioButton label="AAO" value="0"/>
      <RadioButton label="Reflect" value="1"/>
    </OptionRadioButtonGroup>
    <OptionRadioButtonGroup label=" " layout_borders="Rect(10,1,5,1)" opt_type="variant" opt_variable="CombatHandler__AuraSet4Selection">
      <RadioButton label="Sanc" value="0"/>
      <RadioButton label="Reaper" value="1"/>
    </OptionRadioButtonGroup>
    <TextView value=" " layout_borders="Rect(5,5,5,5)"/>
  </BorderView>
</root>