﻿<?xml version="1.0" standalone="yes"?>
<root>
	<BorderView v_alignment="TOP" h_alignment="CENTER" view_layout="vertical" name="Helper" layout_borders="Rect(5,5,5,5)" max_size="Point(16000,-1)">
    <TextView value="" layout_borders="Rect(5,5,5,5)"/>
    <BitmapView bitmap_id="GFX_GUI_FRIENDLIST_SPLITTER" layout_borders="Rect(5,5,5,5)"/>
    <Button name="PetManagerInfoView" label="Info" layout_borders="Rect(5,5,3,5)"/>
    <BitmapView bitmap_id="GFX_GUI_FRIENDLIST_SPLITTER" layout_borders="Rect(5,5,5,5)"/>
    <TextView value="Channel" layout_borders="Rect(5,5,5,5)"/>
    <TextInputView name="ChannelBox" min_size="Point(30,14)" max_size="Point(30,14)" layout_borders="Rect(5,5,5,5)"/>
		<BitmapView bitmap_id="GFX_GUI_FRIENDLIST_SPLITTER" layout_borders="Rect(5,5,5,5)"/>
	<TextView value="" layout_borders="Rect(5,5,5,5)"/>
		<Button name="PetWait" label="Wait" layout_borders="Rect(5,5,3,5)"/>
		<Button name="PetWarp" label="Warp" layout_borders="Rect(5,5,3,5)"/>
		<Button name="PetFollow" label="Follow" layout_borders="Rect(5,5,3,5)"/>
	<TextView value="" layout_borders="Rect(5,5,5,5)"/>
	<BitmapView bitmap_id="GFX_GUI_FRIENDLIST_SPLITTER" layout_borders="Rect(5,5,5,5)"/>
	<TextView value="" layout_borders="Rect(5,5,5,5)"/>
	</BorderView>
</root>