﻿<?xml version="1.0" standalone="yes"?>
<root>
	<BorderView v_alignment="TOP" h_alignment="CENTER" view_layout="vertical" name="InfoView" layout_borders="Rect(0,0,0,2)" max_size="Point(16000,-1)">
		<TextView value=" " layout_borders="Rect(0,0,0,2)"/>
		<BitmapView bitmap_id="GFX_GUI_FRIENDLIST_SPLITTER" layout_borders="Rect(0,0,0,2)"/>
		<TextView value="Db1Buddy" layout_borders="Rect(0,0,0,2)"/>
		<BitmapView bitmap_id="GFX_GUI_FRIENDLIST_SPLITTER" layout_borders="Rect(0,0,0,2)"/>
		<TextView value=" " layout_borders="Rect(0,0,0,2)"/>
		<TextView value="Inject Db1Buddy and Handlers on each toon, add lootmanager if farming." layout_borders="Rect(0,0,0,2)"/>
		<TextView value="Nothing else is required." layout_borders="Rect(0,0,0,2)"/>
		<TextView value=" " layout_borders="Rect(0,0,0,2)"/>
		<BitmapView bitmap_id="GFX_GUI_FRIENDLIST_SPLITTER" layout_borders="Rect(0,0,0,2)"/>
		<TextView value=" " layout_borders="Rect(0,0,0,2)"/>
		<TextView value="Farming = Paths to corpse, disbands team after 10 seconds," layout_borders="Rect(0,0,0,2)"/>
		<TextView value="Use lootmanager. Do not delete leftovers! Disband team in mitaar if not farming" layout_borders="Rect(0,0,0,2)"/>
		<TextView value=" " layout_borders="Rect(0,0,0,2)"/>
		<BitmapView bitmap_id="GFX_GUI_FRIENDLIST_SPLITTER" layout_borders="Rect(0,0,0,2)"/>
		<TextView value=" " layout_borders="Rect(0,0,0,2)"/>
	</BorderView>
</root>