﻿<?xml version="1.0" standalone="yes"?>
<root>
	<BorderView v_alignment="TOP" h_alignment="CENTER" view_layout="vertical" name="FollowManager" layout_borders="Rect(5,5,5,5)" max_size="Point(16000,-1)">
    <TextView value="" layout_borders="Rect(5,5,5,5)"/>
    <BitmapView bitmap_id="GFX_GUI_FRIENDLIST_SPLITTER" layout_borders="Rect(5,5,5,5)"/>
    <Button name="FollowManagerInfoView" label="Info" layout_borders="Rect(5,5,3,5)"/>
    <BitmapView bitmap_id="GFX_GUI_FRIENDLIST_SPLITTER" layout_borders="Rect(5,5,5,5)"/>
    <TextView value="Channel" layout_borders="Rect(5,5,5,5)"/>
    <TextInputView name="ChannelBox" min_size="Point(30,14)" max_size="Point(30,14)" layout_borders="Rect(5,5,5,5)"/>
    <TextView value="" layout_borders="Rect(5,5,5,5)"/>
    <OptionCheckBox label="Enabled" opt_category="AOSharp" opt_type="variant" opt_variable="FollowManager__Toggle" layout_borders="Rect(10,1,5,1)"/>
    <TextView value="" layout_borders="Rect(5,5,5,5)"/>
    <View v_alignment="TOP" h_alignment="LEFT" view_layout="vertical" layout_borders="Rect(5,5,5,5)" max_size="Point(16000,-1)">
    <OptionRadioButtonGroup label="" h_alignment="LEFT" layout_borders="Rect(10,1,5,1)" opt_type="variant" opt_variable="FollowManager__FollowSelection">
      <RadioButton label="None" value="0"/>
      <RadioButton label="Follow lead character" value="1"/>
      <RadioButton label="Follow character" value="2"/>
      <TextInputView name="FollowNamedCharacter" min_size="Point(115,14)" max_size="Point(115,14)" layout_borders="Rect(5,5,5,5)"/>
      <RadioButton label="NavFollow identity" value="3"/>
      <TextInputView name="FollowNamedIdentity" min_size="Point(115,14)" max_size="Point(115,14)" layout_borders="Rect(5,5,5,5)"/>
    </OptionRadioButtonGroup>
    </View>
    <TextView value=" " layout_borders="Rect(0,0,0,2)"/>
    <BitmapView bitmap_id="GFX_GUI_FRIENDLIST_SPLITTER" layout_borders="Rect(5,5,5,5)"/>
    <TextView value=" " layout_borders="Rect(0,0,0,2)"/>
    <TextView value="Follow distance" layout_borders="Rect(5,5,5,5)"/>
    <TextInputView name="NavFollowDistanceBox" min_size="Point(30,14)" max_size="Point(30,14)" layout_borders="Rect(5,5,5,5)"/>
    <TextView value=" " layout_borders="Rect(0,0,0,2)"/>
    <BitmapView bitmap_id="GFX_GUI_FRIENDLIST_SPLITTER" layout_borders="Rect(5,5,5,5)"/>
    <TextView value=" " layout_borders="Rect(0,0,0,2)"/>
	</BorderView>	
</root>