﻿<?xml version="1.0" standalone="yes"?>
<root>
  <BorderView v_alignment="TOP" h_alignment="CENTER" view_layout="vertical" name="AttackBuddyHelpers" layout_borders="Rect(0,0,0,2)" max_size="Point(16000,-1)">
    <TextView value=" " layout_borders="Rect(0,0,0,2)"/>
    <TextInputView name="HelperNameBox" min_size="Point(80,14)" max_size="Point(30,14)" layout_borders="Rect(4,4,4,4)"/>
    <Button name="AttackBuddyAddHelper" label="Add" layout_borders="Rect(5,5,3,5)"/>
    <Button name="AttackBuddyRemoveHelper" label="Remove" layout_borders="Rect(5,5,3,5)"/>
    <Button name="AttackBuddyClearHelpers" label="Clear" layout_borders="Rect(5,5,3,5)"/>
    <TextView value=" " layout_borders="Rect(0,0,0,2)"/>
    <BitmapView bitmap_id="GFX_GUI_FRIENDLIST_SPLITTER" layout_borders="Rect(5,5,5,5)"/>
    <TextView value=" " layout_borders="Rect(0,0,0,2)"/>
    <Button name="AttackBuddyPrintHelpers" label="Print" layout_borders="Rect(5,5,3,5)"/>
    <TextView value=" " layout_borders="Rect(0,0,0,2)"/>
  </BorderView>
</root>