﻿<?xml version="1.0" standalone="yes"?>
<root>
  <View view_layout="vertical" name="parent">
    <BorderView v_alignment="TOP" h_alignment="CENTER" view_layout="vertical" name="Settings" layout_borders="Rect(5,5,5,5)" max_size="Point(16000,-1)">
      <TextView value=" " layout_borders="Rect(5,5,5,5)"/>
      <BitmapView bitmap_id="GFX_GUI_FRIENDLIST_SPLITTER" layout_borders="Rect(5,5,5,5)"/>
      <Button name="DefendBuddyInfoView" label="Info" layout_borders="Rect(5,5,3,5)"/>
      <BitmapView bitmap_id="GFX_GUI_FRIENDLIST_SPLITTER" layout_borders="Rect(5,5,5,5)"/>
      <TextView value="Channel" layout_borders="Rect(5,5,5,5)"/>
      <TextInputView name="ChannelBox" min_size="Point(30,14)" max_size="Point(30,14)" layout_borders="Rect(4,4,4,4)"/>
      <TextView value=" " layout_borders="Rect(5,5,5,5)"/>
      <OptionCheckBox label="Enabled" opt_category="AOSharp" opt_type="variant" opt_variable="DefendBuddy__Toggle" layout_borders="Rect(10,1,5,1)"/>
      <TextView value=" " layout_borders="Rect(5,5,5,5)"/>>
      <OptionCheckBox label="Looting" opt_category="AOSharp" opt_type="variant" opt_variable="DefendBuddy__Lootng" layout_borders="Rect(10,1,5,1)"/>
      <TextView value=" " layout_borders="Rect(5,5,5,5)"/>
      <View v_alignment="TOP" h_alignment="LEFT" view_layout="vertical" layout_borders="Rect(5,5,5,5)" max_size="Point(16000,-1)">
        <OptionRadioButtonGroup label="Mode" h_alignment="LEFT" layout_borders="Rect(10,1,5,1)" opt_type="variant" opt_variable="DefendBuddy__ModeSelection">
          <RadioButton label="Taunt" value="0"/>
          <RadioButton label="Path" value="1"/>
        </OptionRadioButtonGroup>
      </View>
      <TextView value=" " layout_borders="Rect(5,5,5,5)"/>
      <BitmapView bitmap_id="GFX_GUI_FRIENDLIST_SPLITTER" layout_borders="Rect(5,5,5,5)"/>
      <TextView value=" " layout_borders="Rect(5,5,5,5)"/>
      <TextView value="Attack Range" layout_borders="Rect(5,5,5,5)"/>
      <TextInputView name="AttackRangeBox" min_size="Point(30,14)" max_size="Point(30,14)" layout_borders="Rect(4,4,4,4)"/>
      <TextView value="Taunt Range" layout_borders="Rect(5,5,5,5)"/>
      <TextInputView name="ScanRangeBox" min_size="Point(30,14)" max_size="Point(30,14)" layout_borders="Rect(4,4,4,4)"/>
      <TextView value=" " layout_borders="Rect(5,5,5,5)"/>
      <BitmapView bitmap_id="GFX_GUI_FRIENDLIST_SPLITTER" layout_borders="Rect(5,5,5,5)"/>
      <TextView value=" " layout_borders="Rect(5,5,5,5)"/>
    </BorderView>
  </View>
</root>