﻿<?xml version="1.0" standalone="yes"?>
<root>
  <BorderView v_alignment="TOP" h_alignment="LEFT" view_layout="vertical" name="HelperHelpBox" layout_borders="Rect(0,0,0,2)" max_size="Point(16000,-1)">
    <TextView value="" layout_borders="Rect(5,5,5,5)"/>
    <OptionRadioButtonGroup label="Blinds" layout_borders="Rect(10,1,5,1)" opt_type="variant" opt_variable="CombatHandler__BlindSelection">
      <RadioButton label="None" value="0"/>
      <RadioButton label="Target" value="1"/>
      <RadioButton label="AOE" value="2"/>
    </OptionRadioButtonGroup>
	  <TextView value=" " layout_borders="Rect(0,0,0,2)"/>
	  <OptionRadioButtonGroup label="Halo Nano Debuff" layout_borders="Rect(10,1,5,1)" opt_type="variant" opt_variable="CombatHandler__HaloSelection">
		  <RadioButton label="None" value="0"/>
		  <RadioButton label="Target" value="1"/>
		  <RadioButton label="Boss" value="2"/>
	  </OptionRadioButtonGroup>
	  <TextView value=" " layout_borders="Rect(0,0,0,2)"/>
	  <OptionRadioButtonGroup label="NR Debuff" layout_borders="Rect(10,1,5,1)" opt_type="variant" opt_variable="CombatHandler__NanoResistSelection">
		  <RadioButton label="None" value="0"/>
		  <RadioButton label="Target" value="1"/>
		  <RadioButton label="Boss" value="2"/>
	  </OptionRadioButtonGroup>
    <TextView value="" layout_borders="Rect(5,5,5,5)"/>
  </BorderView>
</root>