﻿<?xml version="1.0" standalone="yes"?>
<root>
  <BorderView v_alignment="TOP" h_alignment="CENTER" view_layout="vertical" name="RoamBuddyWaypoints" layout_borders="Rect(0,0,0,2)" max_size="Point(16000,-1)">
    <TextView value=" " layout_borders="Rect(0,0,0,2)"/>
    <Button name="RoamBuddyAddWaypoint" label="Add" layout_borders="Rect(5,5,3,5)"/>
    <Button name="RoamBuddyRemoveWaypoint" label="Remove" layout_borders="Rect(5,5,3,5)"/>
    <Button name="RoamBuddyClearWaypoints" label="Clear" layout_borders="Rect(5,5,3,5)"/>
    <TextView value=" " layout_borders="Rect(0,0,0,2)"/>
    <BitmapView bitmap_id="GFX_GUI_FRIENDLIST_SPLITTER" layout_borders="Rect(5,5,5,5)"/>
    <TextView value=" " layout_borders="Rect(0,0,0,2)"/>
    <TextInputView name="ListNameBox" min_size="Point(80,14)" max_size="Point(80,14)" layout_borders="Rect(4,4,4,4)"/>
    <Button name="RoamBuddyExportList" label="Export" layout_borders="Rect(5,5,3,5)"/>
    <Button name="RoamBuddyLoadList" label="Load" layout_borders="Rect(5,5,3,5)"/>
    <TextView value=" " layout_borders="Rect(0,0,0,2)"/>
  </BorderView>
</root>