﻿<?xml version="1.0" standalone="yes"?>
<root>
  <BorderView v_alignment="TOP" h_alignment="Left" view_layout="vertical" name="Settings" layout_borders="Rect(0,0,0,2)" max_size="Point(16000,-1)">
    <TextView value="" layout_borders="Rect(0,0,0,2)"/>
    <OptionCheckBox label="Buffing" opt_category="AOSharp" opt_type="variant" opt_variable="CombatHandler__Buffing" layout_borders="Rect(10,1,5,1)"/>
    <OptionCheckBox label="Composites" opt_category="AOSharp" opt_type="variant" opt_variable="CombatHandler__Composites" layout_borders="Rect(10,1,5,1)"/>
    <TextView value="" layout_borders="Rect(0,0,0,2)"/>
    <OptionRadioButtonGroup label="Buffing Auras" layout_borders="Rect(10,1,5,1)" opt_type="variant" opt_variable="CombatHandler__BuffingAuraSelection">
      <RadioButton label="None" value="0"/>
      <RadioButton label="Armor" value="1"/>
      <RadioButton label="Reflect" value="2"/>
      <RadioButton label="Damage" value="3"/>
      <RadioButton label="Shield" value="4"/>
    </OptionRadioButtonGroup>
    <TextView value="" layout_borders="Rect(5,5,5,5)"/>
    <OptionRadioButtonGroup label="Debuffing Auras" layout_borders="Rect(10,1,5,1)" opt_type="variant" opt_variable="CombatHandler__DebuffingAuraSelection">
      <RadioButton label="None" value="0"/>
      <RadioButton label="Blind" value="1"/>
      <RadioButton label="Pet Snare" value="2"/>
      <RadioButton label="Shield Ripper" value="3"/>
    </OptionRadioButtonGroup>
    <TextView value="" layout_borders="Rect(5,5,5,5)"/>
  </BorderView>
</root>