﻿<?xml version="1.0" standalone="yes"?>
<root>
  <BorderView v_alignment="TOP" h_alignment="CENTER" view_layout="vertical" name="HelperHelpBox" layout_borders="Rect(0,0,0,2)" max_size="Point(16000,-1)">
    <TextView value="" layout_borders="Rect(5,5,5,5)"/>
    <View v_alignment="TOP" h_alignment="Left" view_layout="horizontal" layout_borders="Rect(5,5,5,5)" max_size="Point(16000,-1)">
      <OptionRadioButtonGroup label="Grand Theft Humidity" layout_borders="Rect(10,1,5,1)" opt_type="variant" opt_variable="CombatHandler__GrandTheftHumiditySelection">
        <RadioButton label="None" value="0"/>
        <RadioButton label="Target" value="1"/>
        <RadioButton label="Boss" value="2"/>
      </OptionRadioButtonGroup>
      <OptionRadioButtonGroup label="My Enemy" layout_borders="Rect(10,1,5,1)" opt_type="variant" opt_variable="CombatHandler__MyEnemySelection">
        <RadioButton label="None" value="0"/>
        <RadioButton label="Target" value="1"/>
        <RadioButton label="Boss" value="2"/>
      </OptionRadioButtonGroup>
    </View>
    <TextView value="" layout_borders="Rect(5,5,5,5)"/>
    <View v_alignment="TOP" h_alignment="Left" view_layout="horizontal" layout_borders="Rect(5,5,5,5)" max_size="Point(16000,-1)">
      <OptionRadioButtonGroup label="AAO Drain" layout_borders="Rect(10,1,5,1)" opt_type="variant" opt_variable="CombatHandler__AAODrainSelection">
        <RadioButton label="None" value="0"/>
        <RadioButton label="Target" value="1"/>
        <RadioButton label="Area" value="2"/>
        <RadioButton label="Boss" value="3"/>
      </OptionRadioButtonGroup>
      <OptionRadioButtonGroup label="AAD Drain" layout_borders="Rect(10,1,5,1)" opt_type="variant" opt_variable="CombatHandler__AADDrainSelection">
        <RadioButton label="None" value="0"/>
        <RadioButton label="Target" value="1"/>
        <RadioButton label="Area" value="2"/>
        <RadioButton label="Boss" value="3"/>
      </OptionRadioButtonGroup>
      <OptionRadioButtonGroup label="Damage Drain" layout_borders="Rect(10,1,5,1)" opt_type="variant" opt_variable="CombatHandler__DamageDrainSelection">
        <RadioButton label="None" value="0"/>
        <RadioButton label="Target" value="1"/>
        <RadioButton label="Area" value="2"/>
        <RadioButton label="Boss" value="3"/>
      </OptionRadioButtonGroup>
    </View>
    <TextView value=" " layout_borders="Rect(5,5,5,5)"/>
    <View v_alignment="TOP" h_alignment="Left" view_layout="horizontal" layout_borders="Rect(5,5,5,5)" max_size="Point(16000,-1)">
      <OptionRadioButtonGroup label="AC Drain" layout_borders="Rect(10,1,5,1)" opt_type="variant" opt_variable="CombatHandler__ACDrainSelection">
        <RadioButton label="None" value="0"/>
        <RadioButton label="Target" value="1"/>
        <RadioButton label="Area" value="2"/>
        <RadioButton label="Boss" value="3"/>
      </OptionRadioButtonGroup>
      <OptionRadioButtonGroup label="Nano Resist" layout_borders="Rect(10,1,5,1)" opt_type="variant" opt_variable="CombatHandler__NanoResistSelection">
        <RadioButton label="None" value="0"/>
        <RadioButton label="Target" value="1"/>
        <RadioButton label="Boss" value="2"/>
      </OptionRadioButtonGroup>
      <OptionRadioButtonGroup label="Nano Drain" layout_borders="Rect(10,1,5,1)" opt_type="variant" opt_variable="CombatHandler__NanoDrainSelection">
        <RadioButton label="None" value="0"/>
        <RadioButton label="Rubi-Ka" value="1"/>
        <RadioButton label="Shadowlands" value="2"/>
      </OptionRadioButtonGroup>
      <TextView value="" layout_borders="Rect(5,5,5,5)"/>
    </View>
    <TextView value=" " layout_borders="Rect(5,5,5,5)"/>
    <View v_alignment="TOP" h_alignment="Left" view_layout="horizontal" layout_borders="Rect(5,5,5,5)" max_size="Point(16000,-1)">
    <OptionRadioButtonGroup label="Drains (Ransack)" layout_borders="Rect(10,1,5,1)" opt_type="variant" opt_variable="CombatHandler__RansackSelection">
      <RadioButton label="None" value="0"/>
      <RadioButton label="Target" value="1"/>
      <RadioButton label="Area" value="2"/>
      <RadioButton label="Boss" value="3"/>
    </OptionRadioButtonGroup>
    <OptionRadioButtonGroup label="Drains (Deprive)" layout_borders="Rect(10,1,5,1)" opt_type="variant" opt_variable="CombatHandler__DepriveSelection">
      <RadioButton label="None" value="0"/>
      <RadioButton label="Target" value="1"/>
      <RadioButton label="Area" value="2"/>
      <RadioButton label="Boss" value="3"/>
    </OptionRadioButtonGroup>
    </View>
    <TextView value=" " layout_borders="Rect(5,5,5,5)"/>
  </BorderView>
</root>