﻿<?xml version="1.0" standalone="yes"?>
<root>
	<BorderView v_alignment="TOP" h_alignment="CENTER" view_layout="vertical" name="BagManagerSettingsView" layout_borders="Rect(5,5,5,5)" max_size="Point(16000,-1)">
    <TextView value=" " layout_borders="Rect(5,5,5,5)"/>
    <BitmapView bitmap_id="GFX_GUI_FRIENDLIST_SPLITTER" layout_borders="Rect(5,5,5,5)"/>
    <Button name="BagManagerInfoView" label="Info" layout_borders="Rect(5,5,3,5)"/>
    <BitmapView bitmap_id="GFX_GUI_FRIENDLIST_SPLITTER" layout_borders="Rect(5,5,5,5)"/>
    <TextView value=" " layout_borders="Rect(5,5,5,5)"/>
    <OptionCheckBox label="Enabled" opt_category="AOSharp" opt_type="variant" opt_variable="BagManager__Toggle" layout_borders="Rect(10,1,5,1)"/>
    <View v_alignment="TOP" h_alignment="LEFT" view_layout="vertical" layout_borders="Rect(5,5,5,5)" max_size="Point(16000,-1)">
      <OptionRadioButtonGroup label="" h_alignment="LEFT" layout_borders="Rect(10,1,5,1)" opt_type="variant" opt_variable="BagManager__ModeSelection">
        <RadioButton label="Swap" value="0"/>
        <RadioButton label="Sort" value="1"/>
        <RadioButton label="Trade" value="2"/>
      </OptionRadioButtonGroup>
    </View>
    <TextView value=" " layout_borders="Rect(5,5,5,5)"/>
    <Button name="DeleteButton" label="Delete" layout_borders="Rect(5,5,3,5)"/>
    <TextView value=" " layout_borders="Rect(5,5,5,5)"/>
    <BitmapView bitmap_id="GFX_GUI_FRIENDLIST_SPLITTER" layout_borders="Rect(5,5,5,5)"/>
    <TextView value=" " layout_borders="Rect(5,5,5,5)"/>
	</BorderView>	
</root>