[{"Key":{"LowId":101335,"HighId":101336,"LowQl":1,"HighQl":200,"Tags":["1h","blunt","cluster","-","bright","(right-wrist)"],"Name":"1h Blunt Cluster - Bright (Right-Wrist)"},"Value":[102]},{"Key":{"LowId":101406,"HighId":101334,"LowQl":1,"HighQl":200,"Tags":["1h","blunt","cluster","-","faded","(right-hand)"],"Name":"1h Blunt Cluster - Faded (Right-Hand)"},"Value":[102]},{"Key":{"LowId":101337,"HighId":101338,"LowQl":1,"HighQl":200,"Tags":["1h","blunt","cluster","-","shiny","(right-arm)"],"Name":"1h Blunt Cluster - Shiny (Right-Arm)"},"Value":[102]},{"Key":{"LowId":165549,"HighId":165550,"LowQl":201,"HighQl":300,"Tags":["1h","blunt","refined","cluster","-","bright","(right-wrist)"],"Name":"1h Blunt Refined Cluster - Bright (Right-Wrist)"},"Value":[102]},{"Key":{"LowId":165547,"HighId":165548,"LowQl":201,"HighQl":300,"Tags":["1h","blunt","refined","cluster","-","faded","(right-hand)"],"Name":"1h Blunt Refined Cluster - Faded (Right-Hand)"},"Value":[102]},{"Key":{"LowId":165551,"HighId":165552,"LowQl":201,"HighQl":300,"Tags":["1h","blunt","refined","cluster","-","shiny","(right-arm)"],"Name":"1h Blunt Refined Cluster - Shiny (Right-Arm)"},"Value":[102]},{"Key":{"LowId":101341,"HighId":101342,"LowQl":1,"HighQl":200,"Tags":["1h","edged","weapon","cluster","-","bright","(right-wrist)"],"Name":"1h Edged Weapon Cluster - Bright (Right-Wrist)"},"Value":[103]},{"Key":{"LowId":101339,"HighId":101340,"LowQl":1,"HighQl":200,"Tags":["1h","edged","weapon","cluster","-","faded","(right-hand)"],"Name":"1h Edged Weapon Cluster - Faded (Right-Hand)"},"Value":[103]},{"Key":{"LowId":101343,"HighId":101344,"LowQl":1,"HighQl":200,"Tags":["1h","edged","weapon","cluster","-","shiny","(right-arm)"],"Name":"1h Edged Weapon Cluster - Shiny (Right-Arm)"},"Value":[103]},{"Key":{"LowId":165555,"HighId":165556,"LowQl":201,"HighQl":300,"Tags":["1h","edged","weapon","refined","cluster","-","bright","(right-wrist)"],"Name":"1h Edged Weapon Refined Cluster - Bright (Right-Wrist)"},"Value":[103]},{"Key":{"LowId":165553,"HighId":165554,"LowQl":201,"HighQl":300,"Tags":["1h","edged","weapon","refined","cluster","-","faded","(right-hand)"],"Name":"1h Edged Weapon Refined Cluster - Faded (Right-Hand)"},"Value":[103]},{"Key":{"LowId":165557,"HighId":165558,"LowQl":201,"HighQl":300,"Tags":["1h","edged","weapon","refined","cluster","-","shiny","(right-arm)"],"Name":"1h Edged Weapon Refined Cluster - Shiny (Right-Arm)"},"Value":[103]},{"Key":{"LowId":101365,"HighId":101366,"LowQl":1,"HighQl":200,"Tags":["2h","blunt","cluster","-","bright","(left-arm)"],"Name":"2h Blunt Cluster - Bright (Left-Arm)"},"Value":[107]},{"Key":{"LowId":101363,"HighId":101364,"LowQl":1,"HighQl":200,"Tags":["2h","blunt","cluster","-","faded","(chest)"],"Name":"2h Blunt Cluster - Faded (Chest)"},"Value":[107]},{"Key":{"LowId":101367,"HighId":101368,"LowQl":1,"HighQl":200,"Tags":["2h","blunt","cluster","-","shiny","(right-arm)"],"Name":"2h Blunt Cluster - Shiny (Right-Arm)"},"Value":[107]},{"Key":{"LowId":165579,"HighId":165580,"LowQl":201,"HighQl":300,"Tags":["2h","blunt","refined","cluster","-","bright","(left-arm)"],"Name":"2h Blunt Refined Cluster - Bright (Left-Arm)"},"Value":[107]},{"Key":{"LowId":165577,"HighId":165578,"LowQl":201,"HighQl":300,"Tags":["2h","blunt","refined","cluster","-","faded","(chest)"],"Name":"2h Blunt Refined Cluster - Faded (Chest)"},"Value":[107]},{"Key":{"LowId":165581,"HighId":165582,"LowQl":201,"HighQl":300,"Tags":["2h","blunt","refined","cluster","-","shiny","(right-arm)"],"Name":"2h Blunt Refined Cluster - Shiny (Right-Arm)"},"Value":[107]},{"Key":{"LowId":101353,"HighId":101354,"LowQl":1,"HighQl":200,"Tags":["2h","edged","cluster","-","bright","(left-arm)"],"Name":"2h Edged Cluster - Bright (Left-Arm)"},"Value":[105]},{"Key":{"LowId":101351,"HighId":101352,"LowQl":1,"HighQl":200,"Tags":["2h","edged","cluster","-","faded","(waist)"],"Name":"2h Edged Cluster - Faded (Waist)"},"Value":[105]},{"Key":{"LowId":101355,"HighId":101356,"LowQl":1,"HighQl":200,"Tags":["2h","edged","cluster","-","shiny","(right-arm)"],"Name":"2h Edged Cluster - Shiny (Right-Arm)"},"Value":[105]},{"Key":{"LowId":165567,"HighId":165568,"LowQl":201,"HighQl":300,"Tags":["2h","edged","refined","cluster","-","bright","(left-arm)"],"Name":"2h Edged Refined Cluster - Bright (Left-Arm)"},"Value":[105]},{"Key":{"LowId":165565,"HighId":165566,"LowQl":201,"HighQl":300,"Tags":["2h","edged","refined","cluster","-","faded","(waist)"],"Name":"2h Edged Refined Cluster - Faded (Waist)"},"Value":[105]},{"Key":{"LowId":165569,"HighId":165570,"LowQl":201,"HighQl":300,"Tags":["2h","edged","refined","cluster","-","shiny","(right-arm)"],"Name":"2h Edged Refined Cluster - Shiny (Right-Arm)"},"Value":[105]},{"Key":{"LowId":166253,"HighId":166254,"LowQl":1,"HighQl":200,"Tags":["a","bright","nanocluster","of","nano","regeneration"],"Name":"A Bright NanoCluster of Nano Regeneration"},"Value":[364]},{"Key":{"LowId":166257,"HighId":166258,"LowQl":1,"HighQl":200,"Tags":["a","shining","nanocluster","of","nano","regeneration"],"Name":"A Shining NanoCluster of Nano Regeneration"},"Value":[364]},{"Key":{"LowId":101581,"HighId":101582,"LowQl":1,"HighQl":200,"Tags":["adventuring","cluster","-","bright","(waist)"],"Name":"Adventuring Cluster - Bright (Waist)"},"Value":[137]},{"Key":{"LowId":101579,"HighId":101580,"LowQl":1,"HighQl":200,"Tags":["adventuring","cluster","-","faded","(chest)"],"Name":"Adventuring Cluster - Faded (Chest)"},"Value":[137]},{"Key":{"LowId":101583,"HighId":101584,"LowQl":1,"HighQl":200,"Tags":["adventuring","cluster","-","shiny","(leg)"],"Name":"Adventuring Cluster - Shiny (Leg)"},"Value":[137]},{"Key":{"LowId":165759,"HighId":165760,"LowQl":201,"HighQl":300,"Tags":["adventuring","refined","cluster","-","bright","(waist)"],"Name":"Adventuring Refined Cluster - Bright (Waist)"},"Value":[]},{"Key":{"LowId":165757,"HighId":165758,"LowQl":201,"HighQl":300,"Tags":["adventuring","refined","cluster","-","faded","(chest)"],"Name":"Adventuring Refined Cluster - Faded (Chest)"},"Value":[]},{"Key":{"LowId":165761,"HighId":165762,"LowQl":201,"HighQl":300,"Tags":["adventuring","refined","cluster","-","shiny","(leg)"],"Name":"Adventuring Refined Cluster - Shiny (Leg)"},"Value":[]},{"Key":{"LowId":101779,"HighId":101780,"LowQl":1,"HighQl":200,"Tags":["agility","cluster","-","bright","(feet)"],"Name":"Agility Cluster - Bright (Feet)"},"Value":[17]},{"Key":{"LowId":101777,"HighId":101778,"LowQl":1,"HighQl":200,"Tags":["agility","cluster","-","faded","(waist)"],"Name":"Agility Cluster - Faded (Waist)"},"Value":[17]},{"Key":{"LowId":101781,"HighId":101782,"LowQl":1,"HighQl":200,"Tags":["agility","cluster","-","shiny","(leg)"],"Name":"Agility Cluster - Shiny (Leg)"},"Value":[17]},{"Key":{"LowId":165951,"HighId":165952,"LowQl":201,"HighQl":300,"Tags":["agility","refined","cluster","-","bright","(feet)"],"Name":"Agility Refined Cluster - Bright (Feet)"},"Value":[17]},{"Key":{"LowId":165949,"HighId":165950,"LowQl":201,"HighQl":300,"Tags":["agility","refined","cluster","-","faded","(waist)"],"Name":"Agility Refined Cluster - Faded (Waist)"},"Value":[17]},{"Key":{"LowId":165953,"HighId":165954,"LowQl":201,"HighQl":300,"Tags":["agility","refined","cluster","-","shiny","(leg)"],"Name":"Agility Refined Cluster - Shiny (Leg)"},"Value":[17]},{"Key":{"LowId":101659,"HighId":101660,"LowQl":1,"HighQl":200,"Tags":["aimed","shot","cluster","-","bright","(right-wrist)"],"Name":"Aimed Shot Cluster - Bright (Right-Wrist)"},"Value":[151]},{"Key":{"LowId":101657,"HighId":101658,"LowQl":1,"HighQl":200,"Tags":["aimed","shot","cluster","-","faded","(right-hand)"],"Name":"Aimed Shot Cluster - Faded (Right-Hand)"},"Value":[151]},{"Key":{"LowId":101661,"HighId":101662,"LowQl":1,"HighQl":200,"Tags":["aimed","shot","cluster","-","shiny","(eye)"],"Name":"Aimed Shot Cluster - Shiny (Eye)"},"Value":[151]},{"Key":{"LowId":165837,"HighId":165838,"LowQl":201,"HighQl":300,"Tags":["aimed","shot","refined","cluster","-","bright","(right-wrist)"],"Name":"Aimed Shot Refined Cluster - Bright (Right-Wrist)"},"Value":[151]},{"Key":{"LowId":165835,"HighId":165836,"LowQl":201,"HighQl":300,"Tags":["aimed","shot","refined","cluster","-","faded","(right-hand)"],"Name":"Aimed Shot Refined Cluster - Faded (Right-Hand)"},"Value":[151]},{"Key":{"LowId":165839,"HighId":165840,"LowQl":201,"HighQl":300,"Tags":["aimed","shot","refined","cluster","-","shiny","(eye)"],"Name":"Aimed Shot Refined Cluster - Shiny (Eye)"},"Value":[151]},{"Key":{"LowId":101473,"HighId":101474,"LowQl":1,"HighQl":200,"Tags":["assault","rif","cluster","-","bright","(right-hand)"],"Name":"Assault Rif Cluster - Bright (Right-Hand)"},"Value":[116]},{"Key":{"LowId":101471,"HighId":101472,"LowQl":1,"HighQl":200,"Tags":["assault","rif","cluster","-","faded","(eye)"],"Name":"Assault Rif Cluster - Faded (Eye)"},"Value":[116]},{"Key":{"LowId":101475,"HighId":101476,"LowQl":1,"HighQl":200,"Tags":["assault","rif","cluster","-","shiny","(right-arm)"],"Name":"Assault Rif Cluster - Shiny (Right-Arm)"},"Value":[116]},{"Key":{"LowId":165633,"HighId":165634,"LowQl":201,"HighQl":300,"Tags":["assault","rif","refined","cluster","-","bright","(right-hand)"],"Name":"Assault Rif Refined Cluster - Bright (Right-Hand)"},"Value":[116]},{"Key":{"LowId":165631,"HighId":165632,"LowQl":201,"HighQl":300,"Tags":["assault","rif","refined","cluster","-","faded","(eye)"],"Name":"Assault Rif Refined Cluster - Faded (Eye)"},"Value":[116]},{"Key":{"LowId":165635,"HighId":165636,"LowQl":201,"HighQl":300,"Tags":["assault","rif","refined","cluster","-","shiny","(right-arm)"],"Name":"Assault Rif Refined Cluster - Shiny (Right-Arm)"},"Value":[116]},{"Key":{"LowId":101545,"HighId":101546,"LowQl":1,"HighQl":200,"Tags":["bio.metamor","cluster","-","bright","(chest)"],"Name":"Bio.Metamor Cluster - Bright (Chest)"},"Value":[128]},{"Key":{"LowId":101543,"HighId":101544,"LowQl":1,"HighQl":200,"Tags":["bio.metamor","cluster","-","faded","(waist)"],"Name":"Bio.Metamor Cluster - Faded (Waist)"},"Value":[128]},{"Key":{"LowId":101547,"HighId":101548,"LowQl":1,"HighQl":200,"Tags":["bio.metamor","cluster","-","shiny","(head)"],"Name":"Bio.Metamor Cluster - Shiny (Head)"},"Value":[128]},{"Key":{"LowId":165705,"HighId":165706,"LowQl":201,"HighQl":300,"Tags":["bio.metamor","refined","cluster","-","bright","(chest)"],"Name":"Bio.Metamor Refined Cluster - Bright (Chest)"},"Value":[128]},{"Key":{"LowId":165703,"HighId":165704,"LowQl":201,"HighQl":300,"Tags":["bio.metamor","refined","cluster","-","faded","(waist)"],"Name":"Bio.Metamor Refined Cluster - Faded (Waist)"},"Value":[128]},{"Key":{"LowId":165707,"HighId":165708,"LowQl":201,"HighQl":300,"Tags":["bio.metamor","refined","cluster","-","shiny","(head)"],"Name":"Bio.Metamor Refined Cluster - Shiny (Head)"},"Value":[128]},{"Key":{"LowId":101665,"HighId":101666,"LowQl":1,"HighQl":200,"Tags":["body","dev","cluster","-","bright","(waist)"],"Name":"Body Dev Cluster - Bright (Waist)"},"Value":[152]},{"Key":{"LowId":101663,"HighId":101664,"LowQl":1,"HighQl":200,"Tags":["body","dev","cluster","-","faded","(leg)"],"Name":"Body Dev Cluster - Faded (Leg)"},"Value":[152]},{"Key":{"LowId":101667,"HighId":101668,"LowQl":1,"HighQl":200,"Tags":["body","dev","cluster","-","shiny","(chest)"],"Name":"Body Dev Cluster - Shiny (Chest)"},"Value":[152]},{"Key":{"LowId":165843,"HighId":165844,"LowQl":201,"HighQl":300,"Tags":["body","dev","refined","cluster","-","bright","(waist)"],"Name":"Body Dev Refined Cluster - Bright (Waist)"},"Value":[152]},{"Key":{"LowId":165841,"HighId":165842,"LowQl":201,"HighQl":300,"Tags":["body","dev","refined","cluster","-","faded","(leg)"],"Name":"Body Dev Refined Cluster - Faded (Leg)"},"Value":[152]},{"Key":{"LowId":165845,"HighId":165846,"LowQl":201,"HighQl":300,"Tags":["body","dev","refined","cluster","-","shiny","(chest)"],"Name":"Body Dev Refined Cluster - Shiny (Chest)"},"Value":[152]},{"Key":{"LowId":101443,"HighId":101444,"LowQl":1,"HighQl":200,"Tags":["bow","cluster","-","bright","(left-arm)"],"Name":"Bow Cluster - Bright (Left-Arm)"},"Value":[111]},{"Key":{"LowId":101441,"HighId":101442,"LowQl":1,"HighQl":200,"Tags":["bow","cluster","-","faded","(eye)"],"Name":"Bow Cluster - Faded (Eye)"},"Value":[111]},{"Key":{"LowId":101445,"HighId":101446,"LowQl":1,"HighQl":200,"Tags":["bow","cluster","-","shiny","(right-arm)"],"Name":"Bow Cluster - Shiny (Right-Arm)"},"Value":[111]},{"Key":{"LowId":165603,"HighId":165604,"LowQl":201,"HighQl":300,"Tags":["bow","refined","cluster","-","bright","(left-arm)"],"Name":"Bow Refined Cluster - Bright (Left-Arm)"},"Value":[111]},{"Key":{"LowId":165601,"HighId":165602,"LowQl":201,"HighQl":300,"Tags":["bow","refined","cluster","-","faded","(eye)"],"Name":"Bow Refined Cluster - Faded (Eye)"},"Value":[111]},{"Key":{"LowId":165605,"HighId":165606,"LowQl":201,"HighQl":300,"Tags":["bow","refined","cluster","-","shiny","(right-arm)"],"Name":"Bow Refined Cluster - Shiny (Right-Arm)"},"Value":[111]},{"Key":{"LowId":101503,"HighId":101504,"LowQl":1,"HighQl":200,"Tags":["bow","spc","att","cluster","-","bright","(right-hand)"],"Name":"Bow Spc Att Cluster - Bright (Right-Hand)"},"Value":[121]},{"Key":{"LowId":101501,"HighId":101502,"LowQl":1,"HighQl":200,"Tags":["bow","spc","att","cluster","-","faded","(right-wrist)"],"Name":"Bow Spc Att Cluster - Faded (Right-Wrist)"},"Value":[121]},{"Key":{"LowId":101505,"HighId":101506,"LowQl":1,"HighQl":200,"Tags":["bow","spc","att","cluster","-","shiny","(head)"],"Name":"Bow Spc Att Cluster - Shiny (Head)"},"Value":[121]},{"Key":{"LowId":165663,"HighId":165664,"LowQl":201,"HighQl":300,"Tags":["bow","spc","att","refined","cluster","-","bright","(right-hand)"],"Name":"Bow Spc Att Refined Cluster - Bright (Right-Hand)"},"Value":[121]},{"Key":{"LowId":165661,"HighId":165662,"LowQl":201,"HighQl":300,"Tags":["bow","spc","att","refined","cluster","-","faded","(right-wrist)"],"Name":"Bow Spc Att Refined Cluster - Faded (Right-Wrist)"},"Value":[121]},{"Key":{"LowId":165665,"HighId":165666,"LowQl":201,"HighQl":300,"Tags":["bow","spc","att","refined","cluster","-","shiny","(head)"],"Name":"Bow Spc Att Refined Cluster - Shiny (Head)"},"Value":[121]},{"Key":{"LowId":101611,"HighId":101612,"LowQl":1,"HighQl":200,"Tags":["brawling","cluster","-","bright","(right-arm)"],"Name":"Brawling Cluster - Bright (Right-Arm)"},"Value":[142]},{"Key":{"LowId":101609,"HighId":101610,"LowQl":1,"HighQl":200,"Tags":["brawling","cluster","-","faded","(waist)"],"Name":"Brawling Cluster - Faded (Waist)"},"Value":[142]},{"Key":{"LowId":101613,"HighId":101614,"LowQl":1,"HighQl":200,"Tags":["brawling","cluster","-","shiny","(left-arm)"],"Name":"Brawling Cluster - Shiny (Left-Arm)"},"Value":[142]},{"Key":{"LowId":165789,"HighId":165790,"LowQl":201,"HighQl":300,"Tags":["brawling","refined","cluster","-","bright","(right-arm)"],"Name":"Brawling Refined Cluster - Bright (Right-Arm)"},"Value":[142]},{"Key":{"LowId":165787,"HighId":165788,"LowQl":201,"HighQl":300,"Tags":["brawling","refined","cluster","-","faded","(waist)"],"Name":"Brawling Refined Cluster - Faded (Waist)"},"Value":[142]},{"Key":{"LowId":165791,"HighId":165792,"LowQl":201,"HighQl":300,"Tags":["brawling","refined","cluster","-","shiny","(left-arm)"],"Name":"Brawling Refined Cluster - Shiny (Left-Arm)"},"Value":[142]},{"Key":{"LowId":101737,"HighId":101738,"LowQl":1,"HighQl":200,"Tags":["break","&","entry","cluster","-","bright","(left-arm)"],"Name":"Break & Entry Cluster - Bright (Left-Arm)"},"Value":[165]},{"Key":{"LowId":101735,"HighId":101736,"LowQl":1,"HighQl":200,"Tags":["break","&","entry","cluster","-","faded","(chest)"],"Name":"Break & Entry Cluster - Faded (Chest)"},"Value":[165]},{"Key":{"LowId":101739,"HighId":101740,"LowQl":1,"HighQl":200,"Tags":["break","&","entry","cluster","-","shiny","(right-arm)"],"Name":"Break & Entry Cluster - Shiny (Right-Arm)"},"Value":[165]},{"Key":{"LowId":165915,"HighId":165916,"LowQl":201,"HighQl":300,"Tags":["break","&","entry","refined","cluster","-","bright","(left-arm)"],"Name":"Break & Entry Refined Cluster - Bright (Left-Arm)"},"Value":[165]},{"Key":{"LowId":165913,"HighId":165914,"LowQl":201,"HighQl":300,"Tags":["break","&","entry","refined","cluster","-","faded","(chest)"],"Name":"Break & Entry Refined Cluster - Faded (Chest)"},"Value":[165]},{"Key":{"LowId":165917,"HighId":165918,"LowQl":201,"HighQl":300,"Tags":["break","&","entry","refined","cluster","-","shiny","(right-arm)"],"Name":"Break & Entry Refined Cluster - Shiny (Right-Arm)"},"Value":[165]},{"Key":{"LowId":101755,"HighId":101756,"LowQl":1,"HighQl":200,"Tags":["burst","cluster","-","bright","(right-wrist)"],"Name":"Burst Cluster - Bright (Right-Wrist)"},"Value":[148]},{"Key":{"LowId":101753,"HighId":101754,"LowQl":1,"HighQl":200,"Tags":["burst","cluster","-","faded","(right-hand)"],"Name":"Burst Cluster - Faded (Right-Hand)"},"Value":[148]},{"Key":{"LowId":101757,"HighId":101758,"LowQl":1,"HighQl":200,"Tags":["burst","cluster","-","shiny","(right-arm)"],"Name":"Burst Cluster - Shiny (Right-Arm)"},"Value":[148]},{"Key":{"LowId":165933,"HighId":165934,"LowQl":201,"HighQl":300,"Tags":["burst","refined","cluster","-","bright","(right-wrist)"],"Name":"Burst Refined Cluster - Bright (Right-Wrist)"},"Value":[148]},{"Key":{"LowId":165931,"HighId":165932,"LowQl":201,"HighQl":300,"Tags":["burst","refined","cluster","-","faded","(right-hand)"],"Name":"Burst Refined Cluster - Faded (Right-Hand)"},"Value":[148]},{"Key":{"LowId":165935,"HighId":165936,"LowQl":201,"HighQl":300,"Tags":["burst","refined","cluster","-","shiny","(right-arm)"],"Name":"Burst Refined Cluster - Shiny (Right-Arm)"},"Value":[148]},{"Key":{"LowId":101329,"HighId":101330,"LowQl":1,"HighQl":200,"Tags":["chemical","ac","cluster","-","bright","(right-arm)"],"Name":"Chemical AC Cluster - Bright (Right-Arm)"},"Value":[93]},{"Key":{"LowId":101327,"HighId":101328,"LowQl":1,"HighQl":200,"Tags":["chemical","ac","cluster","-","faded","(left-arm)"],"Name":"Chemical AC Cluster - Faded (Left-Arm)"},"Value":[93]},{"Key":{"LowId":101331,"HighId":101332,"LowQl":1,"HighQl":200,"Tags":["chemical","ac","cluster","-","shiny","(waist)"],"Name":"Chemical AC Cluster - Shiny (Waist)"},"Value":[93]},{"Key":{"LowId":165507,"HighId":165508,"LowQl":201,"HighQl":300,"Tags":["chemical","ac","refined","cluster","-","bright","(right-arm)"],"Name":"Chemical AC Refined Cluster - Bright (Right-Arm)"},"Value":[93]},{"Key":{"LowId":165505,"HighId":165506,"LowQl":201,"HighQl":300,"Tags":["chemical","ac","refined","cluster","-","faded","(left-arm)"],"Name":"Chemical AC Refined Cluster - Faded (Left-Arm)"},"Value":[93]},{"Key":{"LowId":165509,"HighId":165510,"LowQl":201,"HighQl":300,"Tags":["chemical","ac","refined","cluster","-","shiny","(waist)"],"Name":"Chemical AC Refined Cluster - Shiny (Waist)"},"Value":[93]},{"Key":{"LowId":101725,"HighId":101726,"LowQl":1,"HighQl":200,"Tags":["chemistry","cluster","-","bright","(eye)"],"Name":"Chemistry Cluster - Bright (Eye)"},"Value":[163]},{"Key":{"LowId":101723,"HighId":101724,"LowQl":1,"HighQl":200,"Tags":["chemistry","cluster","-","faded","(right-hand)"],"Name":"Chemistry Cluster - Faded (Right-Hand)"},"Value":[163]},{"Key":{"LowId":101727,"HighId":101728,"LowQl":1,"HighQl":200,"Tags":["chemistry","cluster","-","shiny","(head)"],"Name":"Chemistry Cluster - Shiny (Head)"},"Value":[163]},{"Key":{"LowId":165903,"HighId":165904,"LowQl":201,"HighQl":300,"Tags":["chemistry","refined","cluster","-","bright","(eye)"],"Name":"Chemistry Refined Cluster - Bright (Eye)"},"Value":[163]},{"Key":{"LowId":165901,"HighId":165902,"LowQl":201,"HighQl":300,"Tags":["chemistry","refined","cluster","-","faded","(right-hand)"],"Name":"Chemistry Refined Cluster - Faded (Right-Hand)"},"Value":[163]},{"Key":{"LowId":165905,"HighId":165906,"LowQl":201,"HighQl":300,"Tags":["chemistry","refined","cluster","-","shiny","(head)"],"Name":"Chemistry Refined Cluster - Shiny (Head)"},"Value":[163]},{"Key":{"LowId":101378,"HighId":101379,"LowQl":1,"HighQl":200,"Tags":["cold","ac","cluster","-","bright","(right-hand)"],"Name":"Cold AC Cluster - Bright (Right-Hand)"},"Value":[95]},{"Key":{"LowId":101376,"HighId":101377,"LowQl":1,"HighQl":200,"Tags":["cold","ac","cluster","-","faded","(left-hand)"],"Name":"Cold AC Cluster - Faded (Left-Hand)"},"Value":[95]},{"Key":{"LowId":101380,"HighId":101381,"LowQl":1,"HighQl":200,"Tags":["cold","ac","cluster","-","shiny","(waist)"],"Name":"Cold AC Cluster - Shiny (Waist)"},"Value":[95]},{"Key":{"LowId":165519,"HighId":165520,"LowQl":201,"HighQl":300,"Tags":["cold","ac","refined","cluster","-","bright","(right-hand)"],"Name":"Cold AC Refined Cluster - Bright (Right-Hand)"},"Value":[95]},{"Key":{"LowId":165517,"HighId":165518,"LowQl":201,"HighQl":300,"Tags":["cold","ac","refined","cluster","-","faded","(left-hand)"],"Name":"Cold AC Refined Cluster - Faded (Left-Hand)"},"Value":[95]},{"Key":{"LowId":165521,"HighId":165522,"LowQl":201,"HighQl":300,"Tags":["cold","ac","refined","cluster","-","shiny","(waist)"],"Name":"Cold AC Refined Cluster - Shiny (Waist)"},"Value":[95]},{"Key":{"LowId":101713,"HighId":101714,"LowQl":1,"HighQl":200,"Tags":["comp.","liter","cluster","-","bright","(eye)"],"Name":"Comp. Liter Cluster - Bright (Eye)"},"Value":[161]},{"Key":{"LowId":101711,"HighId":101712,"LowQl":1,"HighQl":200,"Tags":["comp.","liter","cluster","-","faded","(right-hand)"],"Name":"Comp. Liter Cluster - Faded (Right-Hand)"},"Value":[161]},{"Key":{"LowId":101715,"HighId":101716,"LowQl":1,"HighQl":200,"Tags":["comp.","liter","cluster","-","shiny","(head)"],"Name":"Comp. Liter Cluster - Shiny (Head)"},"Value":[161]},{"Key":{"LowId":165891,"HighId":165892,"LowQl":201,"HighQl":300,"Tags":["comp.","liter","refined","cluster","-","bright","(eye)"],"Name":"Comp. Liter Refined Cluster - Bright (Eye)"},"Value":[161]},{"Key":{"LowId":165889,"HighId":165890,"LowQl":201,"HighQl":300,"Tags":["comp.","liter","refined","cluster","-","faded","(right-hand)"],"Name":"Comp. Liter Refined Cluster - Faded (Right-Hand)"},"Value":[161]},{"Key":{"LowId":165893,"HighId":165894,"LowQl":201,"HighQl":300,"Tags":["comp.","liter","refined","cluster","-","shiny","(head)"],"Name":"Comp. Liter Refined Cluster - Shiny (Head)"},"Value":[161]},{"Key":{"LowId":101731,"HighId":101732,"LowQl":1,"HighQl":200,"Tags":["concealment","cluster","-","bright","(ear)"],"Name":"Concealment Cluster - Bright (Ear)"},"Value":[164]},{"Key":{"LowId":101729,"HighId":101730,"LowQl":1,"HighQl":200,"Tags":["concealment","cluster","-","faded","(eye)"],"Name":"Concealment Cluster - Faded (Eye)"},"Value":[164]},{"Key":{"LowId":101733,"HighId":101734,"LowQl":1,"HighQl":200,"Tags":["concealment","cluster","-","shiny","(feet)"],"Name":"Concealment Cluster - Shiny (Feet)"},"Value":[164]},{"Key":{"LowId":165909,"HighId":165910,"LowQl":201,"HighQl":300,"Tags":["concealment","refined","cluster","-","bright","(ear)"],"Name":"Concealment Refined Cluster - Bright (Ear)"},"Value":[164]},{"Key":{"LowId":165907,"HighId":165908,"LowQl":201,"HighQl":300,"Tags":["concealment","refined","cluster","-","faded","(eye)"],"Name":"Concealment Refined Cluster - Faded (Eye)"},"Value":[164]},{"Key":{"LowId":165911,"HighId":165912,"LowQl":201,"HighQl":300,"Tags":["concealment","refined","cluster","-","shiny","(feet)"],"Name":"Concealment Refined Cluster - Shiny (Feet)"},"Value":[164]},{"Key":{"LowId":101623,"HighId":101624,"LowQl":1,"HighQl":200,"Tags":["dimach","cluster","-","bright","(head)"],"Name":"Dimach Cluster - Bright (Head)"},"Value":[144]},{"Key":{"LowId":101621,"HighId":101622,"LowQl":1,"HighQl":200,"Tags":["dimach","cluster","-","faded","(waist)"],"Name":"Dimach Cluster - Faded (Waist)"},"Value":[144]},{"Key":{"LowId":101625,"HighId":101626,"LowQl":1,"HighQl":200,"Tags":["dimach","cluster","-","shiny","(chest)"],"Name":"Dimach Cluster - Shiny (Chest)"},"Value":[144]},{"Key":{"LowId":165801,"HighId":165802,"LowQl":201,"HighQl":300,"Tags":["dimach","refined","cluster","-","bright","(head)"],"Name":"Dimach Refined Cluster - Bright (Head)"},"Value":[144]},{"Key":{"LowId":165799,"HighId":165800,"LowQl":201,"HighQl":300,"Tags":["dimach","refined","cluster","-","faded","(waist)"],"Name":"Dimach Refined Cluster - Faded (Waist)"},"Value":[144]},{"Key":{"LowId":165803,"HighId":165804,"LowQl":201,"HighQl":300,"Tags":["dimach","refined","cluster","-","shiny","(chest)"],"Name":"Dimach Refined Cluster - Shiny (Chest)"},"Value":[144]},{"Key":{"LowId":101761,"HighId":101762,"LowQl":1,"HighQl":200,"Tags":["disease","ac","cluster","-","bright","(leg)"],"Name":"Disease AC Cluster - Bright (Leg)"},"Value":[96]},{"Key":{"LowId":101759,"HighId":101760,"LowQl":1,"HighQl":200,"Tags":["disease","ac","cluster","-","faded","(chest)"],"Name":"Disease AC Cluster - Faded (Chest)"},"Value":[96]},{"Key":{"LowId":101763,"HighId":101764,"LowQl":1,"HighQl":200,"Tags":["disease","ac","cluster","-","shiny","(head)"],"Name":"Disease AC Cluster - Shiny (Head)"},"Value":[96]},{"Key":{"LowId":165993,"HighId":165994,"LowQl":201,"HighQl":300,"Tags":["disease","ac","refined","cluster","-","bright","(leg)"],"Name":"Disease AC Refined Cluster - Bright (Leg)"},"Value":[96]},{"Key":{"LowId":165991,"HighId":165992,"LowQl":201,"HighQl":300,"Tags":["disease","ac","refined","cluster","-","faded","(chest)"],"Name":"Disease AC Refined Cluster - Faded (Chest)"},"Value":[96]},{"Key":{"LowId":165995,"HighId":165996,"LowQl":201,"HighQl":300,"Tags":["disease","ac","refined","cluster","-","shiny","(head)"],"Name":"Disease AC Refined Cluster - Shiny (Head)"},"Value":[96]},{"Key":{"LowId":101677,"HighId":101678,"LowQl":1,"HighQl":200,"Tags":["dodge-rng","cluster","-","bright","(feet)"],"Name":"Dodge-Rng Cluster - Bright (Feet)"},"Value":[154]},{"Key":{"LowId":101675,"HighId":101676,"LowQl":1,"HighQl":200,"Tags":["dodge-rng","cluster","-","faded","(waist)"],"Name":"Dodge-Rng Cluster - Faded (Waist)"},"Value":[154]},{"Key":{"LowId":101679,"HighId":101680,"LowQl":1,"HighQl":200,"Tags":["dodge-rng","cluster","-","shiny","(leg)"],"Name":"Dodge-Rng Cluster - Shiny (Leg)"},"Value":[154]},{"Key":{"LowId":165855,"HighId":165856,"LowQl":201,"HighQl":300,"Tags":["dodge-rng","refined","cluster","-","bright","(feet)"],"Name":"Dodge-Rng Refined Cluster - Bright (Feet)"},"Value":[154]},{"Key":{"LowId":165853,"HighId":165854,"LowQl":201,"HighQl":300,"Tags":["dodge-rng","refined","cluster","-","faded","(waist)"],"Name":"Dodge-Rng Refined Cluster - Faded (Waist)"},"Value":[154]},{"Key":{"LowId":165857,"HighId":165858,"LowQl":201,"HighQl":300,"Tags":["dodge-rng","refined","cluster","-","shiny","(leg)"],"Name":"Dodge-Rng Refined Cluster - Shiny (Leg)"},"Value":[154]},{"Key":{"LowId":101671,"HighId":101672,"LowQl":1,"HighQl":200,"Tags":["duck-exp","cluster","-","bright","(waist)"],"Name":"Duck-Exp Cluster - Bright (Waist)"},"Value":[153]},{"Key":{"LowId":101669,"HighId":101670,"LowQl":1,"HighQl":200,"Tags":["duck-exp","cluster","-","faded","(feet)"],"Name":"Duck-Exp Cluster - Faded (Feet)"},"Value":[153]},{"Key":{"LowId":101673,"HighId":101674,"LowQl":1,"HighQl":200,"Tags":["duck-exp","cluster","-","shiny","(leg)"],"Name":"Duck-Exp Cluster - Shiny (Leg)"},"Value":[153]},{"Key":{"LowId":165849,"HighId":165850,"LowQl":201,"HighQl":300,"Tags":["duck-exp","refined","cluster","-","bright","(waist)"],"Name":"Duck-Exp Refined Cluster - Bright (Waist)"},"Value":[153]},{"Key":{"LowId":165847,"HighId":165848,"LowQl":201,"HighQl":300,"Tags":["duck-exp","refined","cluster","-","faded","(feet)"],"Name":"Duck-Exp Refined Cluster - Faded (Feet)"},"Value":[153]},{"Key":{"LowId":165851,"HighId":165852,"LowQl":201,"HighQl":300,"Tags":["duck-exp","refined","cluster","-","shiny","(leg)"],"Name":"Duck-Exp Refined Cluster - Shiny (Leg)"},"Value":[153]},{"Key":{"LowId":101533,"HighId":101534,"LowQl":1,"HighQl":200,"Tags":["elec.","engi","cluster","-","bright","(head)"],"Name":"Elec. Engi Cluster - Bright (Head)"},"Value":[126]},{"Key":{"LowId":101531,"HighId":101532,"LowQl":1,"HighQl":200,"Tags":["elec.","engi","cluster","-","faded","(right-hand)"],"Name":"Elec. Engi Cluster - Faded (Right-Hand)"},"Value":[126]},{"Key":{"LowId":101535,"HighId":101536,"LowQl":1,"HighQl":200,"Tags":["elec.","engi","cluster","-","shiny","(eye)"],"Name":"Elec. Engi Cluster - Shiny (Eye)"},"Value":[126]},{"Key":{"LowId":165693,"HighId":165694,"LowQl":201,"HighQl":300,"Tags":["elec.","engi","refined","cluster","-","bright","(head)"],"Name":"Elec. Engi Refined Cluster - Bright (Head)"},"Value":[126]},{"Key":{"LowId":165691,"HighId":165692,"LowQl":201,"HighQl":300,"Tags":["elec.","engi","refined","cluster","-","faded","(right-hand)"],"Name":"Elec. Engi Refined Cluster - Faded (Right-Hand)"},"Value":[126]},{"Key":{"LowId":165695,"HighId":165696,"LowQl":201,"HighQl":300,"Tags":["elec.","engi","refined","cluster","-","shiny","(eye)"],"Name":"Elec. Engi Refined Cluster - Shiny (Eye)"},"Value":[126]},{"Key":{"LowId":101323,"HighId":101324,"LowQl":1,"HighQl":200,"Tags":["energy","ac","cluster","-","bright","(leg)"],"Name":"Energy AC Cluster - Bright (Leg)"},"Value":[92]},{"Key":{"LowId":101321,"HighId":101322,"LowQl":1,"HighQl":200,"Tags":["energy","ac","cluster","-","faded","(waist)"],"Name":"Energy AC Cluster - Faded (Waist)"},"Value":[92]},{"Key":{"LowId":101325,"HighId":101326,"LowQl":1,"HighQl":200,"Tags":["energy","ac","cluster","-","shiny","(chest)"],"Name":"Energy AC Cluster - Shiny (Chest)"},"Value":[92]},{"Key":{"LowId":165501,"HighId":165502,"LowQl":201,"HighQl":300,"Tags":["energy","ac","refined","cluster","-","bright","(leg)"],"Name":"Energy AC Refined Cluster - Bright (Leg)"},"Value":[92]},{"Key":{"LowId":165499,"HighId":165500,"LowQl":201,"HighQl":300,"Tags":["energy","ac","refined","cluster","-","faded","(waist)"],"Name":"Energy AC Refined Cluster - Faded (Waist)"},"Value":[92]},{"Key":{"LowId":165503,"HighId":165504,"LowQl":201,"HighQl":300,"Tags":["energy","ac","refined","cluster","-","shiny","(chest)"],"Name":"Energy AC Refined Cluster - Shiny (Chest)"},"Value":[92]},{"Key":{"LowId":101683,"HighId":101684,"LowQl":1,"HighQl":200,"Tags":["evade-clsc","cluster","-","bright","(leg)"],"Name":"Evade-ClsC Cluster - Bright (Leg)"},"Value":[155]},{"Key":{"LowId":101681,"HighId":101682,"LowQl":1,"HighQl":200,"Tags":["evade-clsc","cluster","-","faded","(waist)"],"Name":"Evade-ClsC Cluster - Faded (Waist)"},"Value":[155]},{"Key":{"LowId":101685,"HighId":101686,"LowQl":1,"HighQl":200,"Tags":["evade-clsc","cluster","-","shiny","(feet)"],"Name":"Evade-ClsC Cluster - Shiny (Feet)"},"Value":[155]},{"Key":{"LowId":165861,"HighId":165862,"LowQl":201,"HighQl":300,"Tags":["evade-clsc","refined","cluster","-","bright","(leg)"],"Name":"Evade-ClsC Refined Cluster - Bright (Leg)"},"Value":[155]},{"Key":{"LowId":165859,"HighId":165860,"LowQl":201,"HighQl":300,"Tags":["evade-clsc","refined","cluster","-","faded","(waist)"],"Name":"Evade-ClsC Refined Cluster - Faded (Waist)"},"Value":[155]},{"Key":{"LowId":165863,"HighId":165864,"LowQl":201,"HighQl":300,"Tags":["evade-clsc","refined","cluster","-","shiny","(feet)"],"Name":"Evade-ClsC Refined Cluster - Shiny (Feet)"},"Value":[155]},{"Key":{"LowId":101641,"HighId":101642,"LowQl":1,"HighQl":200,"Tags":["fast","attack","cluster","-","bright","(right-hand)"],"Name":"Fast Attack Cluster - Bright (Right-Hand)"},"Value":[147]},{"Key":{"LowId":101639,"HighId":101640,"LowQl":1,"HighQl":200,"Tags":["fast","attack","cluster","-","faded","(right-arm)"],"Name":"Fast Attack Cluster - Faded (Right-Arm)"},"Value":[147]},{"Key":{"LowId":101643,"HighId":101644,"LowQl":1,"HighQl":200,"Tags":["fast","attack","cluster","-","shiny","(left-hand)"],"Name":"Fast Attack Cluster - Shiny (Left-Hand)"},"Value":[147]},{"Key":{"LowId":165819,"HighId":165820,"LowQl":201,"HighQl":300,"Tags":["fast","attack","refined","cluster","-","bright","(right-hand)"],"Name":"Fast Attack Refined Cluster - Bright (Right-Hand)"},"Value":[147]},{"Key":{"LowId":165817,"HighId":165818,"LowQl":201,"HighQl":300,"Tags":["fast","attack","refined","cluster","-","faded","(right-arm)"],"Name":"Fast Attack Refined Cluster - Faded (Right-Arm)"},"Value":[147]},{"Key":{"LowId":165821,"HighId":165822,"LowQl":201,"HighQl":300,"Tags":["fast","attack","refined","cluster","-","shiny","(left-hand)"],"Name":"Fast Attack Refined Cluster - Shiny (Left-Hand)"},"Value":[147]},{"Key":{"LowId":101390,"HighId":101391,"LowQl":1,"HighQl":200,"Tags":["fire","ac","cluster","-","bright","(left-hand)"],"Name":"Fire AC Cluster - Bright (Left-Hand)"},"Value":[97]},{"Key":{"LowId":101388,"HighId":101389,"LowQl":1,"HighQl":200,"Tags":["fire","ac","cluster","-","faded","(right-hand)"],"Name":"Fire AC Cluster - Faded (Right-Hand)"},"Value":[97]},{"Key":{"LowId":101392,"HighId":101393,"LowQl":1,"HighQl":200,"Tags":["fire","ac","cluster","-","shiny","(waist)"],"Name":"Fire AC Cluster - Shiny (Waist)"},"Value":[97]},{"Key":{"LowId":165531,"HighId":165532,"LowQl":201,"HighQl":300,"Tags":["fire","ac","refined","cluster","-","bright","(left-hand)"],"Name":"Fire AC Refined Cluster - Bright (Left-Hand)"},"Value":[97]},{"Key":{"LowId":165529,"HighId":165530,"LowQl":201,"HighQl":300,"Tags":["fire","ac","refined","cluster","-","faded","(right-hand)"],"Name":"Fire AC Refined Cluster - Faded (Right-Hand)"},"Value":[97]},{"Key":{"LowId":165533,"HighId":165534,"LowQl":201,"HighQl":300,"Tags":["fire","ac","refined","cluster","-","shiny","(waist)"],"Name":"Fire AC Refined Cluster - Shiny (Waist)"},"Value":[97]},{"Key":{"LowId":101515,"HighId":101516,"LowQl":1,"HighQl":200,"Tags":["first","aid","cluster","-","bright","(right-hand)"],"Name":"First Aid Cluster - Bright (Right-Hand)"},"Value":[123]},{"Key":{"LowId":101513,"HighId":101514,"LowQl":1,"HighQl":200,"Tags":["first","aid","cluster","-","faded","(left-hand)"],"Name":"First Aid Cluster - Faded (Left-Hand)"},"Value":[123]},{"Key":{"LowId":101517,"HighId":101518,"LowQl":1,"HighQl":200,"Tags":["first","aid","cluster","-","shiny","(head)"],"Name":"First Aid Cluster - Shiny (Head)"},"Value":[123]},{"Key":{"LowId":165675,"HighId":165676,"LowQl":201,"HighQl":300,"Tags":["first","aid","refined","cluster","-","bright","(right-hand)"],"Name":"First Aid Refined Cluster - Bright (Right-Hand)"},"Value":[123]},{"Key":{"LowId":165673,"HighId":165674,"LowQl":201,"HighQl":300,"Tags":["first","aid","refined","cluster","-","faded","(left-hand)"],"Name":"First Aid Refined Cluster - Faded (Left-Hand)"},"Value":[123]},{"Key":{"LowId":165677,"HighId":165678,"LowQl":201,"HighQl":300,"Tags":["first","aid","refined","cluster","-","shiny","(head)"],"Name":"First Aid Refined Cluster - Shiny (Head)"},"Value":[123]},{"Key":{"LowId":101653,"HighId":101654,"LowQl":1,"HighQl":200,"Tags":["fling","shot","cluster","-","bright","(right-hand)"],"Name":"Fling Shot Cluster - Bright (Right-Hand)"},"Value":[150]},{"Key":{"LowId":101651,"HighId":101652,"LowQl":1,"HighQl":200,"Tags":["fling","shot","cluster","-","faded","(right-wrist)"],"Name":"Fling Shot Cluster - Faded (Right-Wrist)"},"Value":[150]},{"Key":{"LowId":101655,"HighId":101656,"LowQl":1,"HighQl":200,"Tags":["fling","shot","cluster","-","shiny","(right-arm)"],"Name":"Fling Shot Cluster - Shiny (Right-Arm)"},"Value":[150]},{"Key":{"LowId":165831,"HighId":165832,"LowQl":201,"HighQl":300,"Tags":["fling","shot","refined","cluster","-","bright","(right-hand)"],"Name":"Fling Shot Refined Cluster - Bright (Right-Hand)"},"Value":[150]},{"Key":{"LowId":165829,"HighId":165830,"LowQl":201,"HighQl":300,"Tags":["fling","shot","refined","cluster","-","faded","(right-wrist)"],"Name":"Fling Shot Refined Cluster - Faded (Right-Wrist)"},"Value":[150]},{"Key":{"LowId":165833,"HighId":165834,"LowQl":201,"HighQl":300,"Tags":["fling","shot","refined","cluster","-","shiny","(right-arm)"],"Name":"Fling Shot Refined Cluster - Shiny (Right-Arm)"},"Value":[150]},{"Key":{"LowId":101749,"HighId":101750,"LowQl":1,"HighQl":200,"Tags":["full","auto","cluster","-","bright","(right-wrist)"],"Name":"Full Auto Cluster - Bright (Right-Wrist)"},"Value":[167]},{"Key":{"LowId":101747,"HighId":101748,"LowQl":1,"HighQl":200,"Tags":["full","auto","cluster","-","faded","(waist)"],"Name":"Full Auto Cluster - Faded (Waist)"},"Value":[167]},{"Key":{"LowId":101751,"HighId":101752,"LowQl":1,"HighQl":200,"Tags":["full","auto","cluster","-","shiny","(right-arm)"],"Name":"Full Auto Cluster - Shiny (Right-Arm)"},"Value":[167]},{"Key":{"LowId":165927,"HighId":165928,"LowQl":201,"HighQl":300,"Tags":["full","auto","refined","cluster","-","bright","(right-wrist)"],"Name":"Full Auto Refined Cluster - Bright (Right-Wrist)"},"Value":[167]},{"Key":{"LowId":165925,"HighId":165926,"LowQl":201,"HighQl":300,"Tags":["full","auto","refined","cluster","-","faded","(waist)"],"Name":"Full Auto Refined Cluster - Faded (Waist)"},"Value":[167]},{"Key":{"LowId":165929,"HighId":165930,"LowQl":201,"HighQl":300,"Tags":["full","auto","refined","cluster","-","shiny","(right-arm)"],"Name":"Full Auto Refined Cluster - Shiny (Right-Arm)"},"Value":[167]},{"Key":{"LowId":101431,"HighId":101432,"LowQl":1,"HighQl":200,"Tags":["grenade","cluster","-","bright","(eye)"],"Name":"Grenade Cluster - Bright (Eye)"},"Value":[109]},{"Key":{"LowId":101429,"HighId":101430,"LowQl":1,"HighQl":200,"Tags":["grenade","cluster","-","faded","(right-hand)"],"Name":"Grenade Cluster - Faded (Right-Hand)"},"Value":[109]},{"Key":{"LowId":101433,"HighId":101434,"LowQl":1,"HighQl":200,"Tags":["grenade","cluster","-","shiny","(right-arm)"],"Name":"Grenade Cluster - Shiny (Right-Arm)"},"Value":[109]},{"Key":{"LowId":165591,"HighId":165592,"LowQl":201,"HighQl":300,"Tags":["grenade","refined","cluster","-","bright","(eye)"],"Name":"Grenade Refined Cluster - Bright (Eye)"},"Value":[109]},{"Key":{"LowId":165589,"HighId":165590,"LowQl":201,"HighQl":300,"Tags":["grenade","refined","cluster","-","faded","(right-hand)"],"Name":"Grenade Refined Cluster - Faded (Right-Hand)"},"Value":[109]},{"Key":{"LowId":165593,"HighId":165594,"LowQl":201,"HighQl":300,"Tags":["grenade","refined","cluster","-","shiny","(right-arm)"],"Name":"Grenade Refined Cluster - Shiny (Right-Arm)"},"Value":[109]},{"Key":{"LowId":101437,"HighId":101438,"LowQl":1,"HighQl":200,"Tags":["heavy","weapons","cluster","-","bright","(eye)"],"Name":"Heavy Weapons Cluster - Bright (Eye)"},"Value":[110]},{"Key":{"LowId":101435,"HighId":101436,"LowQl":1,"HighQl":200,"Tags":["heavy","weapons","cluster","-","faded","(right-hand)"],"Name":"Heavy Weapons Cluster - Faded (Right-Hand)"},"Value":[110]},{"Key":{"LowId":101439,"HighId":101440,"LowQl":1,"HighQl":200,"Tags":["heavy","weapons","cluster","-","shiny","(right-arm)"],"Name":"Heavy Weapons Cluster - Shiny (Right-Arm)"},"Value":[110]},{"Key":{"LowId":165597,"HighId":165598,"LowQl":201,"HighQl":300,"Tags":["heavy","weapons","refined","cluster","-","bright","(eye)"],"Name":"Heavy Weapons Refined Cluster - Bright (Eye)"},"Value":[110]},{"Key":{"LowId":165595,"HighId":165596,"LowQl":201,"HighQl":300,"Tags":["heavy","weapons","refined","cluster","-","faded","(right-hand)"],"Name":"Heavy Weapons Refined Cluster - Faded (Right-Hand)"},"Value":[110]},{"Key":{"LowId":165599,"HighId":165600,"LowQl":201,"HighQl":300,"Tags":["heavy","weapons","refined","cluster","-","shiny","(right-arm)"],"Name":"Heavy Weapons Refined Cluster - Shiny (Right-Arm)"},"Value":[110]},{"Key":{"LowId":101311,"HighId":101312,"LowQl":1,"HighQl":200,"Tags":["imp/proj","ac","cluster","-","bright","(chest)"],"Name":"Imp/Proj AC Cluster - Bright (Chest)"},"Value":[90]},{"Key":{"LowId":101309,"HighId":101310,"LowQl":1,"HighQl":200,"Tags":["imp/proj","ac","cluster","-","faded","(waist)"],"Name":"Imp/Proj AC Cluster - Faded (Waist)"},"Value":[90]},{"Key":{"LowId":101313,"HighId":101314,"LowQl":1,"HighQl":200,"Tags":["imp/proj","ac","cluster","-","shiny","(leg)"],"Name":"Imp/Proj AC Cluster - Shiny (Leg)"},"Value":[90]},{"Key":{"LowId":165489,"HighId":165490,"LowQl":201,"HighQl":300,"Tags":["imp/proj","ac","refined","cluster","-","bright","(chest)"],"Name":"Imp/Proj AC Refined Cluster - Bright (Chest)"},"Value":[90]},{"Key":{"LowId":165487,"HighId":165488,"LowQl":201,"HighQl":300,"Tags":["imp/proj","ac","refined","cluster","-","faded","(waist)"],"Name":"Imp/Proj AC Refined Cluster - Faded (Waist)"},"Value":[90,90]},{"Key":{"LowId":165491,"HighId":165492,"LowQl":201,"HighQl":300,"Tags":["imp/proj","ac","refined","cluster","-","shiny","(leg)"],"Name":"Imp/Proj AC Refined Cluster - Shiny (Leg)"},"Value":[90]},{"Key":{"LowId":101791,"HighId":101792,"LowQl":1,"HighQl":200,"Tags":["intelligence","cluster","-","bright","(eye)"],"Name":"Intelligence Cluster - Bright (Eye)"},"Value":[19]},{"Key":{"LowId":101789,"HighId":101790,"LowQl":1,"HighQl":200,"Tags":["intelligence","cluster","-","faded","(ear)"],"Name":"Intelligence Cluster - Faded (Ear)"},"Value":[19]},{"Key":{"LowId":101793,"HighId":101794,"LowQl":1,"HighQl":200,"Tags":["intelligence","cluster","-","shiny","(head)"],"Name":"Intelligence Cluster - Shiny (Head)"},"Value":[19]},{"Key":{"LowId":165963,"HighId":165964,"LowQl":201,"HighQl":300,"Tags":["intelligence","refined","cluster","-","bright","(eye)"],"Name":"Intelligence Refined Cluster - Bright (Eye)"},"Value":[19]},{"Key":{"LowId":165961,"HighId":165962,"LowQl":201,"HighQl":300,"Tags":["intelligence","refined","cluster","-","faded","(ear)"],"Name":"Intelligence Refined Cluster - Faded (Ear)"},"Value":[19]},{"Key":{"LowId":165965,"HighId":165966,"LowQl":201,"HighQl":300,"Tags":["intelligence","refined","cluster","-","shiny","(head)"],"Name":"Intelligence Refined Cluster - Shiny (Head)"},"Value":[19]},{"Key":{"LowId":101599,"HighId":101600,"LowQl":1,"HighQl":200,"Tags":["map","navig","cluster","-","bright","(head)"],"Name":"Map Navig Cluster - Bright (Head)"},"Value":[140]},{"Key":{"LowId":101597,"HighId":101598,"LowQl":1,"HighQl":200,"Tags":["map","navig","cluster","-","faded","(ear)"],"Name":"Map Navig Cluster - Faded (Ear)"},"Value":[140]},{"Key":{"LowId":101601,"HighId":101602,"LowQl":1,"HighQl":200,"Tags":["map","navig","cluster","-","shiny","(eye)"],"Name":"Map Navig Cluster - Shiny (Eye)"},"Value":[140]},{"Key":{"LowId":165777,"HighId":165778,"LowQl":201,"HighQl":300,"Tags":["map","navig","refined","cluster","-","bright","(head)"],"Name":"Map Navig Refined Cluster - Bright (Head)"},"Value":[140]},{"Key":{"LowId":165775,"HighId":165776,"LowQl":201,"HighQl":300,"Tags":["map","navig","refined","cluster","-","faded","(ear)"],"Name":"Map Navig Refined Cluster - Faded (Ear)"},"Value":[140]},{"Key":{"LowId":165779,"HighId":165780,"LowQl":201,"HighQl":300,"Tags":["map","navig","refined","cluster","-","shiny","(eye)"],"Name":"Map Navig Refined Cluster - Shiny (Eye)"},"Value":[140]},{"Key":{"LowId":101396,"HighId":101397,"LowQl":1,"HighQl":200,"Tags":["martial","arts","cluster","-","bright","(feet)"],"Name":"Martial Arts Cluster - Bright (Feet)"},"Value":[100]},{"Key":{"LowId":101394,"HighId":101395,"LowQl":1,"HighQl":200,"Tags":["martial","arts","cluster","-","faded","(left-hand)"],"Name":"Martial Arts Cluster - Faded (Left-Hand)"},"Value":[100]},{"Key":{"LowId":101398,"HighId":101399,"LowQl":1,"HighQl":200,"Tags":["martial","arts","cluster","-","shiny","(right-hand)"],"Name":"Martial Arts Cluster - Shiny (Right-Hand)"},"Value":[100]},{"Key":{"LowId":165537,"HighId":165538,"LowQl":201,"HighQl":300,"Tags":["martial","arts","refined","cluster","-","bright","(feet)"],"Name":"Martial Arts Refined Cluster - Bright (Feet)"},"Value":[100]},{"Key":{"LowId":165535,"HighId":165536,"LowQl":201,"HighQl":300,"Tags":["martial","arts","refined","cluster","-","faded","(left-hand)"],"Name":"Martial Arts Refined Cluster - Faded (Left-Hand)"},"Value":[100]},{"Key":{"LowId":165539,"HighId":165540,"LowQl":201,"HighQl":300,"Tags":["martial","arts","refined","cluster","-","shiny","(right-hand)"],"Name":"Martial Arts Refined Cluster - Shiny (Right-Hand)"},"Value":[100]},{"Key":{"LowId":101539,"HighId":101540,"LowQl":1,"HighQl":200,"Tags":["matt.metam","cluster","-","bright","(chest)"],"Name":"Matt.Metam Cluster - Bright (Chest)"},"Value":[127]},{"Key":{"LowId":101537,"HighId":101538,"LowQl":1,"HighQl":200,"Tags":["matt.metam","cluster","-","faded","(left-arm)"],"Name":"Matt.Metam Cluster - Faded (Left-Arm)"},"Value":[127]},{"Key":{"LowId":101541,"HighId":101542,"LowQl":1,"HighQl":200,"Tags":["matt.metam","cluster","-","shiny","(head)"],"Name":"Matt.Metam Cluster - Shiny (Head)"},"Value":[127]},{"Key":{"LowId":165699,"HighId":165700,"LowQl":201,"HighQl":300,"Tags":["matt.metam","refined","cluster","-","bright","(chest)"],"Name":"Matt.Metam Refined Cluster - Bright (Chest)"},"Value":[127]},{"Key":{"LowId":165697,"HighId":165698,"LowQl":201,"HighQl":300,"Tags":["matt.metam","refined","cluster","-","faded","(left-arm)"],"Name":"Matt.Metam Refined Cluster - Faded (Left-Arm)"},"Value":[127]},{"Key":{"LowId":165701,"HighId":165702,"LowQl":201,"HighQl":300,"Tags":["matt.metam","refined","cluster","-","shiny","(head)"],"Name":"Matt.Metam Refined Cluster - Shiny (Head)"},"Value":[127]},{"Key":{"LowId":101410,"HighId":101411,"LowQl":1,"HighQl":200,"Tags":["matter","crea","cluster","-","bright","(right-hand)"],"Name":"Matter Crea Cluster - Bright (Right-Hand)"},"Value":[130]},{"Key":{"LowId":101408,"HighId":101409,"LowQl":1,"HighQl":200,"Tags":["matter","crea","cluster","-","faded","(eye)"],"Name":"Matter Crea Cluster - Faded (Eye)"},"Value":[130]},{"Key":{"LowId":101412,"HighId":101413,"LowQl":1,"HighQl":200,"Tags":["matter","crea","cluster","-","shiny","(head)"],"Name":"Matter Crea Cluster - Shiny (Head)"},"Value":[130]},{"Key":{"LowId":165717,"HighId":165718,"LowQl":201,"HighQl":300,"Tags":["matter","crea","refined","cluster","-","bright","(right-hand)"],"Name":"Matter Crea Refined Cluster - Bright (Right-Hand)"},"Value":[130]},{"Key":{"LowId":165715,"HighId":165716,"LowQl":201,"HighQl":300,"Tags":["matter","crea","refined","cluster","-","faded","(eye)"],"Name":"Matter Crea Refined Cluster - Faded (Eye)"},"Value":[130]},{"Key":{"LowId":165719,"HighId":165720,"LowQl":201,"HighQl":300,"Tags":["matter","crea","refined","cluster","-","shiny","(head)"],"Name":"Matter Crea Refined Cluster - Shiny (Head)"},"Value":[130]},{"Key":{"LowId":101809,"HighId":101810,"LowQl":1,"HighQl":200,"Tags":["max","health","cluster","-","bright","(waist)"],"Name":"Max Health Cluster - Bright (Waist)"},"Value":[1]},{"Key":{"LowId":101807,"HighId":101808,"LowQl":1,"HighQl":200,"Tags":["max","health","cluster","-","faded","(leg)"],"Name":"Max Health Cluster - Faded (Leg)"},"Value":[1]},{"Key":{"LowId":101811,"HighId":101812,"LowQl":1,"HighQl":200,"Tags":["max","health","cluster","-","shiny","(chest)"],"Name":"Max Health Cluster - Shiny (Chest)"},"Value":[1]},{"Key":{"LowId":165981,"HighId":165982,"LowQl":201,"HighQl":300,"Tags":["max","health","refined","cluster","-","bright","(waist)"],"Name":"Max Health Refined Cluster - Bright (Waist)"},"Value":[1]},{"Key":{"LowId":165979,"HighId":165980,"LowQl":201,"HighQl":300,"Tags":["max","health","refined","cluster","-","faded","(leg)"],"Name":"Max Health Refined Cluster - Faded (Leg)"},"Value":[1]},{"Key":{"LowId":165983,"HighId":165984,"LowQl":201,"HighQl":300,"Tags":["max","health","refined","cluster","-","shiny","(chest)"],"Name":"Max Health Refined Cluster - Shiny (Chest)"},"Value":[1]},{"Key":{"LowId":101815,"HighId":101816,"LowQl":1,"HighQl":200,"Tags":["max","nano","cluster","-","bright","(waist)"],"Name":"Max Nano Cluster - Bright (Waist)"},"Value":[221]},{"Key":{"LowId":101813,"HighId":101814,"LowQl":1,"HighQl":200,"Tags":["max","nano","cluster","-","faded","(chest)"],"Name":"Max Nano Cluster - Faded (Chest)"},"Value":[221]},{"Key":{"LowId":101817,"HighId":101818,"LowQl":1,"HighQl":200,"Tags":["max","nano","cluster","-","shiny","(head)"],"Name":"Max Nano Cluster - Shiny (Head)"},"Value":[221]},{"Key":{"LowId":165987,"HighId":165988,"LowQl":201,"HighQl":300,"Tags":["max","nano","refined","cluster","-","bright","(waist)"],"Name":"Max Nano Refined Cluster - Bright (Waist)"},"Value":[221]},{"Key":{"LowId":165985,"HighId":165986,"LowQl":201,"HighQl":300,"Tags":["max","nano","refined","cluster","-","faded","(chest)"],"Name":"Max Nano Refined Cluster - Faded (Chest)"},"Value":[221]},{"Key":{"LowId":165989,"HighId":165990,"LowQl":201,"HighQl":300,"Tags":["max","nano","refined","cluster","-","shiny","(head)"],"Name":"Max Nano Refined Cluster - Shiny (Head)"},"Value":[221]},{"Key":{"LowId":101527,"HighId":101528,"LowQl":1,"HighQl":200,"Tags":["mech.","engi","cluster","-","bright","(eye)"],"Name":"Mech. Engi Cluster - Bright (Eye)"},"Value":[125]},{"Key":{"LowId":101525,"HighId":101526,"LowQl":1,"HighQl":200,"Tags":["mech.","engi","cluster","-","faded","(right-arm)"],"Name":"Mech. Engi Cluster - Faded (Right-Arm)"},"Value":[125]},{"Key":{"LowId":101529,"HighId":101530,"LowQl":1,"HighQl":200,"Tags":["mech.","engi","cluster","-","shiny","(head)"],"Name":"Mech. Engi Cluster - Shiny (Head)"},"Value":[125]},{"Key":{"LowId":165687,"HighId":165688,"LowQl":201,"HighQl":300,"Tags":["mech.","engi","refined","cluster","-","bright","(eye)"],"Name":"Mech. Engi Refined Cluster - Bright (Eye)"},"Value":[125]},{"Key":{"LowId":165685,"HighId":165686,"LowQl":201,"HighQl":300,"Tags":["mech.","engi","refined","cluster","-","faded","(right-arm)"],"Name":"Mech. Engi Refined Cluster - Faded (Right-Arm)"},"Value":[125]},{"Key":{"LowId":165689,"HighId":165690,"LowQl":201,"HighQl":300,"Tags":["mech.","engi","refined","cluster","-","shiny","(head)"],"Name":"Mech. Engi Refined Cluster - Shiny (Head)"},"Value":[125]},{"Key":{"LowId":101347,"HighId":101348,"LowQl":1,"HighQl":200,"Tags":["melee","ener","cluster","-","bright","(left-wrist)"],"Name":"Melee Ener Cluster - Bright (Left-Wrist)"},"Value":[104]},{"Key":{"LowId":101345,"HighId":101346,"LowQl":1,"HighQl":200,"Tags":["melee","ener","cluster","-","faded","(right-wrist)"],"Name":"Melee Ener Cluster - Faded (Right-Wrist)"},"Value":[104]},{"Key":{"LowId":101349,"HighId":101350,"LowQl":1,"HighQl":200,"Tags":["melee","ener","cluster","-","shiny","(head)"],"Name":"Melee Ener Cluster - Shiny (Head)"},"Value":[104]},{"Key":{"LowId":165561,"HighId":165562,"LowQl":201,"HighQl":300,"Tags":["melee","ener","refined","cluster","-","bright","(left-wrist)"],"Name":"Melee Ener Refined Cluster - Bright (Left-Wrist)"},"Value":[104]},{"Key":{"LowId":165559,"HighId":165560,"LowQl":201,"HighQl":300,"Tags":["melee","ener","refined","cluster","-","faded","(right-wrist)"],"Name":"Melee Ener Refined Cluster - Faded (Right-Wrist)"},"Value":[104]},{"Key":{"LowId":165563,"HighId":165564,"LowQl":201,"HighQl":300,"Tags":["melee","ener","refined","cluster","-","shiny","(head)"],"Name":"Melee Ener Refined Cluster - Shiny (Head)"},"Value":[104]},{"Key":{"LowId":101485,"HighId":101486,"LowQl":1,"HighQl":200,"Tags":["melee.","init","cluster","-","bright","(leg)"],"Name":"Melee. Init Cluster - Bright (Leg)"},"Value":[118]},{"Key":{"LowId":101483,"HighId":101484,"LowQl":1,"HighQl":200,"Tags":["melee.","init","cluster","-","faded","(waist)"],"Name":"Melee. Init Cluster - Faded (Waist)"},"Value":[118]},{"Key":{"LowId":101487,"HighId":101488,"LowQl":1,"HighQl":200,"Tags":["melee.","init","cluster","-","shiny","(feet)"],"Name":"Melee. Init Cluster - Shiny (Feet)"},"Value":[118]},{"Key":{"LowId":165645,"HighId":165646,"LowQl":201,"HighQl":300,"Tags":["melee.","init","refined","cluster","-","bright","(leg)"],"Name":"Melee. Init Refined Cluster - Bright (Leg)"},"Value":[118]},{"Key":{"LowId":165643,"HighId":165644,"LowQl":201,"HighQl":300,"Tags":["melee.","init","refined","cluster","-","faded","(waist)"],"Name":"Melee. Init Refined Cluster - Faded (Waist)"},"Value":[118]},{"Key":{"LowId":165647,"HighId":165648,"LowQl":201,"HighQl":300,"Tags":["melee.","init","refined","cluster","-","shiny","(feet)"],"Name":"Melee. Init Refined Cluster - Shiny (Feet)"},"Value":[118]},{"Key":{"LowId":101317,"HighId":101318,"LowQl":1,"HighQl":200,"Tags":["melee/ma","ac","cluster","-","bright","(waist)"],"Name":"Melee/Ma AC Cluster - Bright (Waist)"},"Value":[91]},{"Key":{"LowId":101315,"HighId":101316,"LowQl":1,"HighQl":200,"Tags":["melee/ma","ac","cluster","-","faded","(leg)"],"Name":"Melee/Ma AC Cluster - Faded (Leg)"},"Value":[91]},{"Key":{"LowId":101319,"HighId":101320,"LowQl":1,"HighQl":200,"Tags":["melee/ma","ac","cluster","-","shiny","(chest)"],"Name":"Melee/Ma AC Cluster - Shiny (Chest)"},"Value":[91]},{"Key":{"LowId":165495,"HighId":165496,"LowQl":201,"HighQl":300,"Tags":["melee/ma","ac","refined","cluster","-","bright","(waist)"],"Name":"Melee/Ma AC Refined Cluster - Bright (Waist)"},"Value":[91]},{"Key":{"LowId":165493,"HighId":165494,"LowQl":201,"HighQl":300,"Tags":["melee/ma","ac","refined","cluster","-","faded","(leg)"],"Name":"Melee/Ma AC Refined Cluster - Faded (Leg)"},"Value":[91]},{"Key":{"LowId":165497,"HighId":165498,"LowQl":201,"HighQl":300,"Tags":["melee/ma","ac","refined","cluster","-","shiny","(chest)"],"Name":"Melee/Ma AC Refined Cluster - Shiny (Chest)"},"Value":[91]},{"Key":{"LowId":101461,"HighId":101462,"LowQl":1,"HighQl":200,"Tags":["mg","/","smg","cluster","-","bright","(right-hand)"],"Name":"MG / SMG Cluster - Bright (Right-Hand)"},"Value":[114]},{"Key":{"LowId":101459,"HighId":101460,"LowQl":1,"HighQl":200,"Tags":["mg","/","smg","cluster","-","faded","(chest)"],"Name":"MG / SMG Cluster - Faded (Chest)"},"Value":[114]},{"Key":{"LowId":101463,"HighId":101464,"LowQl":1,"HighQl":200,"Tags":["mg","/","smg","cluster","-","shiny","(right-arm)"],"Name":"MG / SMG Cluster - Shiny (Right-Arm)"},"Value":[114]},{"Key":{"LowId":165621,"HighId":165622,"LowQl":201,"HighQl":300,"Tags":["mg","/","smg","refined","cluster","-","bright","(right-hand)"],"Name":"MG / SMG Refined Cluster - Bright (Right-Hand)"},"Value":[114]},{"Key":{"LowId":165619,"HighId":165620,"LowQl":201,"HighQl":300,"Tags":["mg","/","smg","refined","cluster","-","faded","(chest)"],"Name":"MG / SMG Refined Cluster - Faded (Chest)"},"Value":[114]},{"Key":{"LowId":165623,"HighId":165624,"LowQl":201,"HighQl":300,"Tags":["mg","/","smg","refined","cluster","-","shiny","(right-arm)"],"Name":"MG / SMG Refined Cluster - Shiny (Right-Arm)"},"Value":[114]},{"Key":{"LowId":101402,"HighId":101403,"LowQl":1,"HighQl":200,"Tags":["mult.","melee","cluster","-","bright","(eye)"],"Name":"Mult. Melee Cluster - Bright (Eye)"},"Value":[101]},{"Key":{"LowId":101400,"HighId":101401,"LowQl":1,"HighQl":200,"Tags":["mult.","melee","cluster","-","faded","(right-wrist)"],"Name":"Mult. Melee Cluster - Faded (Right-Wrist)"},"Value":[101]},{"Key":{"LowId":101404,"HighId":101405,"LowQl":1,"HighQl":200,"Tags":["mult.","melee","cluster","-","shiny","(left-wrist)"],"Name":"Mult. Melee Cluster - Shiny (Left-Wrist)"},"Value":[101]},{"Key":{"LowId":165543,"HighId":165544,"LowQl":201,"HighQl":300,"Tags":["mult.","melee","refined","cluster","-","bright","(eye)"],"Name":"Mult. Melee Refined Cluster - Bright (Eye)"},"Value":[101]},{"Key":{"LowId":165541,"HighId":165542,"LowQl":201,"HighQl":300,"Tags":["mult.","melee","refined","cluster","-","faded","(right-wrist)"],"Name":"Mult. Melee Refined Cluster - Faded (Right-Wrist)"},"Value":[101]},{"Key":{"LowId":165545,"HighId":165546,"LowQl":201,"HighQl":300,"Tags":["mult.","melee","refined","cluster","-","shiny","(left-wrist)"],"Name":"Mult. Melee Refined Cluster - Shiny (Left-Wrist)"},"Value":[101]},{"Key":{"LowId":101563,"HighId":101564,"LowQl":1,"HighQl":200,"Tags":["multi","ranged","cluster","-","bright","(right-wrist)"],"Name":"Multi Ranged Cluster - Bright (Right-Wrist)"},"Value":[134]},{"Key":{"LowId":101561,"HighId":101562,"LowQl":1,"HighQl":200,"Tags":["multi","ranged","cluster","-","faded","(eye)"],"Name":"Multi Ranged Cluster - Faded (Eye)"},"Value":[134]},{"Key":{"LowId":101565,"HighId":101566,"LowQl":1,"HighQl":200,"Tags":["multi","ranged","cluster","-","shiny","(left-wrist)"],"Name":"Multi Ranged Cluster - Shiny (Left-Wrist)"},"Value":[134]},{"Key":{"LowId":165741,"HighId":165742,"LowQl":201,"HighQl":300,"Tags":["multi","ranged","refined","cluster","-","bright","(right-wrist)"],"Name":"Multi Ranged Refined Cluster - Bright (Right-Wrist)"},"Value":[134]},{"Key":{"LowId":165739,"HighId":165740,"LowQl":201,"HighQl":300,"Tags":["multi","ranged","refined","cluster","-","faded","(eye)"],"Name":"Multi Ranged Refined Cluster - Faded (Eye)"},"Value":[134]},{"Key":{"LowId":165743,"HighId":165744,"LowQl":201,"HighQl":300,"Tags":["multi","ranged","refined","cluster","-","shiny","(left-wrist)"],"Name":"Multi Ranged Refined Cluster - Shiny (Left-Wrist)"},"Value":[134]},{"Key":{"LowId":166249,"HighId":166250,"LowQl":1,"HighQl":200,"Tags":["nano","delta","jobe","cluster","-","faded","(feet)"],"Name":"Nano Delta Jobe Cluster - Faded (Feet)"},"Value":[364]},{"Key":{"LowId":166251,"HighId":166252,"LowQl":201,"HighQl":300,"Tags":["nano","delta","jobe","cluster","-","faded","(feet)"],"Name":"Nano Delta Jobe Cluster - Faded (Feet)"},"Value":[364]},{"Key":{"LowId":166259,"HighId":166260,"LowQl":201,"HighQl":300,"Tags":["nano","delta","jobe","cluster","-","shiny","(right-wrist)"],"Name":"Nano Delta Jobe Cluster - Shiny (Right-Wrist)"},"Value":[364]},{"Key":{"LowId":166255,"HighId":166256,"LowQl":201,"HighQl":300,"Tags":["nano","delta","refined","jobe","cluster","-","bright","(right-arm)"],"Name":"Nano Delta Refined Jobe Cluster - Bright (Right-Arm)"},"Value":[364]},{"Key":{"LowId":101422,"HighId":101423,"LowQl":1,"HighQl":200,"Tags":["nano","pool","cluster","-","bright","(head)"],"Name":"Nano Pool Cluster - Bright (Head)"},"Value":[132]},{"Key":{"LowId":101420,"HighId":101421,"LowQl":1,"HighQl":200,"Tags":["nano","pool","cluster","-","faded","(waist)"],"Name":"Nano Pool Cluster - Faded (Waist)"},"Value":[132]},{"Key":{"LowId":101424,"HighId":101554,"LowQl":1,"HighQl":200,"Tags":["nano","pool","cluster","-","shiny","(chest)"],"Name":"Nano Pool Cluster - Shiny (Chest)"},"Value":[132]},{"Key":{"LowId":165729,"HighId":165730,"LowQl":201,"HighQl":300,"Tags":["nano","pool","refined","cluster","-","bright","(head)"],"Name":"Nano Pool Refined Cluster - Bright (Head)"},"Value":[132]},{"Key":{"LowId":165727,"HighId":165728,"LowQl":201,"HighQl":300,"Tags":["nano","pool","refined","cluster","-","faded","(waist)"],"Name":"Nano Pool Refined Cluster - Faded (Waist)"},"Value":[132]},{"Key":{"LowId":165731,"HighId":165732,"LowQl":201,"HighQl":300,"Tags":["nano","pool","refined","cluster","-","shiny","(chest)"],"Name":"Nano Pool Refined Cluster - Shiny (Chest)"},"Value":[132]},{"Key":{"LowId":101707,"HighId":101708,"LowQl":1,"HighQl":200,"Tags":["nano","progra","cluster","-","bright","(eye)"],"Name":"Nano Progra Cluster - Bright (Eye)"},"Value":[160]},{"Key":{"LowId":101705,"HighId":101706,"LowQl":1,"HighQl":200,"Tags":["nano","progra","cluster","-","faded","(right-hand)"],"Name":"Nano Progra Cluster - Faded (Right-Hand)"},"Value":[160]},{"Key":{"LowId":101709,"HighId":101710,"LowQl":1,"HighQl":200,"Tags":["nano","progra","cluster","-","shiny","(head)"],"Name":"Nano Progra Cluster - Shiny (Head)"},"Value":[160]},{"Key":{"LowId":165885,"HighId":165886,"LowQl":201,"HighQl":300,"Tags":["nano","progra","refined","cluster","-","bright","(eye)"],"Name":"Nano Progra Refined Cluster - Bright (Eye)"},"Value":[160]},{"Key":{"LowId":165883,"HighId":165884,"LowQl":201,"HighQl":300,"Tags":["nano","progra","refined","cluster","-","faded","(right-hand)"],"Name":"Nano Progra Refined Cluster - Faded (Right-Hand)"},"Value":[160]},{"Key":{"LowId":165887,"HighId":165888,"LowQl":201,"HighQl":300,"Tags":["nano","progra","refined","cluster","-","shiny","(head)"],"Name":"Nano Progra Refined Cluster - Shiny (Head)"},"Value":[160]},{"Key":{"LowId":101384,"HighId":101385,"LowQl":1,"HighQl":200,"Tags":["nano","resist","cluster","-","bright","(right-wrist)"],"Name":"Nano Resist Cluster - Bright (Right-Wrist)"},"Value":[168]},{"Key":{"LowId":101382,"HighId":101383,"LowQl":1,"HighQl":200,"Tags":["nano","resist","cluster","-","faded","(left-wrist)"],"Name":"Nano Resist Cluster - Faded (Left-Wrist)"},"Value":[168]},{"Key":{"LowId":101386,"HighId":101387,"LowQl":1,"HighQl":200,"Tags":["nano","resist","cluster","-","shiny","(head)"],"Name":"Nano Resist Cluster - Shiny (Head)"},"Value":[168]},{"Key":{"LowId":165525,"HighId":165526,"LowQl":201,"HighQl":300,"Tags":["nano","resist","refined","cluster","-","bright","(right-wrist)"],"Name":"Nano Resist Refined Cluster - Bright (Right-Wrist)"},"Value":[168]},{"Key":{"LowId":165523,"HighId":165524,"LowQl":201,"HighQl":300,"Tags":["nano","resist","refined","cluster","-","faded","(left-wrist)"],"Name":"Nano Resist Refined Cluster - Faded (Left-Wrist)"},"Value":[168]},{"Key":{"LowId":165527,"HighId":165528,"LowQl":201,"HighQl":300,"Tags":["nano","resist","refined","cluster","-","shiny","(head)"],"Name":"Nano Resist Refined Cluster - Shiny (Head)"},"Value":[168]},{"Key":{"LowId":101647,"HighId":101648,"LowQl":1,"HighQl":200,"Tags":["nanoc.","init","cluster","-","bright","(eye)"],"Name":"NanoC. Init Cluster - Bright (Eye)"},"Value":[149]},{"Key":{"LowId":101645,"HighId":101646,"LowQl":1,"HighQl":200,"Tags":["nanoc.","init","cluster","-","faded","(chest)"],"Name":"NanoC. Init Cluster - Faded (Chest)"},"Value":[149]},{"Key":{"LowId":101649,"HighId":101650,"LowQl":1,"HighQl":200,"Tags":["nanoc.","init","cluster","-","shiny","(head)"],"Name":"NanoC. Init Cluster - Shiny (Head)"},"Value":[149]},{"Key":{"LowId":165825,"HighId":165826,"LowQl":201,"HighQl":300,"Tags":["nanoc.","init","refined","cluster","-","bright","(eye)"],"Name":"NanoC. Init Refined Cluster - Bright (Eye)"},"Value":[149]},{"Key":{"LowId":165823,"HighId":165824,"LowQl":201,"HighQl":300,"Tags":["nanoc.","init","refined","cluster","-","faded","(chest)"],"Name":"NanoC. Init Refined Cluster - Faded (Chest)"},"Value":[149]},{"Key":{"LowId":165827,"HighId":165828,"LowQl":201,"HighQl":300,"Tags":["nanoc.","init","refined","cluster","-","shiny","(head)"],"Name":"NanoC. Init Refined Cluster - Shiny (Head)"},"Value":[149]},{"Key":{"LowId":101629,"HighId":101630,"LowQl":1,"HighQl":200,"Tags":["parry","cluster","-","bright","(left-wrist)"],"Name":"Parry Cluster - Bright (Left-Wrist)"},"Value":[145]},{"Key":{"LowId":101627,"HighId":101628,"LowQl":1,"HighQl":200,"Tags":["parry","cluster","-","faded","(right-arm)"],"Name":"Parry Cluster - Faded (Right-Arm)"},"Value":[145]},{"Key":{"LowId":101631,"HighId":101632,"LowQl":1,"HighQl":200,"Tags":["parry","cluster","-","shiny","(right-wrist)"],"Name":"Parry Cluster - Shiny (Right-Wrist)"},"Value":[145]},{"Key":{"LowId":165807,"HighId":165808,"LowQl":201,"HighQl":300,"Tags":["parry","refined","cluster","-","bright","(left-wrist)"],"Name":"Parry Refined Cluster - Bright (Left-Wrist)"},"Value":[145]},{"Key":{"LowId":165805,"HighId":165806,"LowQl":201,"HighQl":300,"Tags":["parry","refined","cluster","-","faded","(right-arm)"],"Name":"Parry Refined Cluster - Faded (Right-Arm)"},"Value":[145]},{"Key":{"LowId":165809,"HighId":165810,"LowQl":201,"HighQl":300,"Tags":["parry","refined","cluster","-","shiny","(right-wrist)"],"Name":"Parry Refined Cluster - Shiny (Right-Wrist)"},"Value":[145]},{"Key":{"LowId":101575,"HighId":101576,"LowQl":1,"HighQl":200,"Tags":["perception","cluster","-","bright","(eye)"],"Name":"Perception Cluster - Bright (Eye)"},"Value":[136]},{"Key":{"LowId":101573,"HighId":101574,"LowQl":1,"HighQl":200,"Tags":["perception","cluster","-","faded","(head)"],"Name":"Perception Cluster - Faded (Head)"},"Value":[136]},{"Key":{"LowId":101577,"HighId":101578,"LowQl":1,"HighQl":200,"Tags":["perception","cluster","-","shiny","(ear)"],"Name":"Perception Cluster - Shiny (Ear)"},"Value":[136]},{"Key":{"LowId":165753,"HighId":165754,"LowQl":201,"HighQl":300,"Tags":["perception","refined","cluster","-","bright","(eye)"],"Name":"Perception Refined Cluster - Bright (Eye)"},"Value":[136]},{"Key":{"LowId":165751,"HighId":165752,"LowQl":201,"HighQl":300,"Tags":["perception","refined","cluster","-","faded","(head)"],"Name":"Perception Refined Cluster - Faded (Head)"},"Value":[136]},{"Key":{"LowId":165755,"HighId":165756,"LowQl":201,"HighQl":300,"Tags":["perception","refined","cluster","-","shiny","(ear)"],"Name":"Perception Refined Cluster - Shiny (Ear)"},"Value":[136]},{"Key":{"LowId":101701,"HighId":101702,"LowQl":1,"HighQl":200,"Tags":["pharma","tech","cluster","-","bright","(eye)"],"Name":"Pharma Tech Cluster - Bright (Eye)"},"Value":[159]},{"Key":{"LowId":101699,"HighId":101700,"LowQl":1,"HighQl":200,"Tags":["pharma","tech","cluster","-","faded","(right-hand)"],"Name":"Pharma Tech Cluster - Faded (Right-Hand)"},"Value":[159]},{"Key":{"LowId":101703,"HighId":101704,"LowQl":1,"HighQl":200,"Tags":["pharma","tech","cluster","-","shiny","(head)"],"Name":"Pharma Tech Cluster - Shiny (Head)"},"Value":[159]},{"Key":{"LowId":165879,"HighId":165880,"LowQl":201,"HighQl":300,"Tags":["pharma","tech","refined","cluster","-","bright","(eye)"],"Name":"Pharma Tech Refined Cluster - Bright (Eye)"},"Value":[159]},{"Key":{"LowId":165877,"HighId":165878,"LowQl":201,"HighQl":300,"Tags":["pharma","tech","refined","cluster","-","faded","(right-hand)"],"Name":"Pharma Tech Refined Cluster - Faded (Right-Hand)"},"Value":[159]},{"Key":{"LowId":165881,"HighId":165882,"LowQl":201,"HighQl":300,"Tags":["pharma","tech","refined","cluster","-","shiny","(head)"],"Name":"Pharma Tech Refined Cluster - Shiny (Head)"},"Value":[159]},{"Key":{"LowId":101497,"HighId":101498,"LowQl":1,"HighQl":200,"Tags":["physic.","init","cluster","-","bright","(right-arm)"],"Name":"Physic. Init Cluster - Bright (Right-Arm)"},"Value":[120]},{"Key":{"LowId":101495,"HighId":101496,"LowQl":1,"HighQl":200,"Tags":["physic.","init","cluster","-","faded","(left-arm)"],"Name":"Physic. Init Cluster - Faded (Left-Arm)"},"Value":[120]},{"Key":{"LowId":101499,"HighId":101500,"LowQl":1,"HighQl":200,"Tags":["physic.","init","cluster","-","shiny","(feet)"],"Name":"Physic. Init Cluster - Shiny (Feet)"},"Value":[120]},{"Key":{"LowId":165657,"HighId":165658,"LowQl":201,"HighQl":300,"Tags":["physic.","init","refined","cluster","-","bright","(right-arm)"],"Name":"Physic. Init Refined Cluster - Bright (Right-Arm)"},"Value":[120]},{"Key":{"LowId":165655,"HighId":165656,"LowQl":201,"HighQl":300,"Tags":["physic.","init","refined","cluster","-","faded","(left-arm)"],"Name":"Physic. Init Refined Cluster - Faded (Left-Arm)"},"Value":[120]},{"Key":{"LowId":165659,"HighId":165660,"LowQl":201,"HighQl":300,"Tags":["physic.","init","refined","cluster","-","shiny","(feet)"],"Name":"Physic. Init Refined Cluster - Shiny (Feet)"},"Value":[120]},{"Key":{"LowId":101359,"HighId":101360,"LowQl":1,"HighQl":200,"Tags":["piercing","cluster","-","bright","(left-arm)"],"Name":"Piercing Cluster - Bright (Left-Arm)"},"Value":[106]},{"Key":{"LowId":101357,"HighId":101358,"LowQl":1,"HighQl":200,"Tags":["piercing","cluster","-","faded","(waist)"],"Name":"Piercing Cluster - Faded (Waist)"},"Value":[106]},{"Key":{"LowId":101361,"HighId":101362,"LowQl":1,"HighQl":200,"Tags":["piercing","cluster","-","shiny","(right-arm)"],"Name":"Piercing Cluster - Shiny (Right-Arm)"},"Value":[106]},{"Key":{"LowId":165573,"HighId":165574,"LowQl":201,"HighQl":300,"Tags":["piercing","refined","cluster","-","bright","(left-arm)"],"Name":"Piercing Refined Cluster - Bright (Left-Arm)"},"Value":[106]},{"Key":{"LowId":165571,"HighId":165572,"LowQl":201,"HighQl":300,"Tags":["piercing","refined","cluster","-","faded","(waist)"],"Name":"Piercing Refined Cluster - Faded (Waist)"},"Value":[106]},{"Key":{"LowId":165575,"HighId":165576,"LowQl":201,"HighQl":300,"Tags":["piercing","refined","cluster","-","shiny","(right-arm)"],"Name":"Piercing Refined Cluster - Shiny (Right-Arm)"},"Value":[106]},{"Key":{"LowId":101449,"HighId":101450,"LowQl":1,"HighQl":200,"Tags":["pistol","cluster","-","bright","(right-hand)"],"Name":"Pistol Cluster - Bright (Right-Hand)"},"Value":[112]},{"Key":{"LowId":101447,"HighId":101448,"LowQl":1,"HighQl":200,"Tags":["pistol","cluster","-","faded","(eye)"],"Name":"Pistol Cluster - Faded (Eye)"},"Value":[112]},{"Key":{"LowId":101451,"HighId":101452,"LowQl":1,"HighQl":200,"Tags":["pistol","cluster","-","shiny","(right-wrist)"],"Name":"Pistol Cluster - Shiny (Right-Wrist)"},"Value":[112]},{"Key":{"LowId":165609,"HighId":165610,"LowQl":201,"HighQl":300,"Tags":["pistol","refined","cluster","-","bright","(right-hand)"],"Name":"Pistol Refined Cluster - Bright (Right-Hand)"},"Value":[112]},{"Key":{"LowId":165607,"HighId":165608,"LowQl":201,"HighQl":300,"Tags":["pistol","refined","cluster","-","faded","(eye)"],"Name":"Pistol Refined Cluster - Faded (Eye)"},"Value":[112]},{"Key":{"LowId":165611,"HighId":165612,"LowQl":201,"HighQl":300,"Tags":["pistol","refined","cluster","-","shiny","(right-wrist)"],"Name":"Pistol Refined Cluster - Shiny (Right-Wrist)"},"Value":[112]},{"Key":{"LowId":101803,"HighId":101804,"LowQl":1,"HighQl":200,"Tags":["psychic","cluster","-","bright","(chest)"],"Name":"Psychic Cluster - Bright (Chest)"},"Value":[21]},{"Key":{"LowId":101801,"HighId":101802,"LowQl":1,"HighQl":200,"Tags":["psychic","cluster","-","faded","(ear)"],"Name":"Psychic Cluster - Faded (Ear)"},"Value":[21]},{"Key":{"LowId":101805,"HighId":101806,"LowQl":1,"HighQl":200,"Tags":["psychic","cluster","-","shiny","(head)"],"Name":"Psychic Cluster - Shiny (Head)"},"Value":[21]},{"Key":{"LowId":165975,"HighId":165976,"LowQl":201,"HighQl":300,"Tags":["psychic","refined","cluster","-","bright","(chest)"],"Name":"Psychic Refined Cluster - Bright (Chest)"},"Value":[21]},{"Key":{"LowId":165973,"HighId":165974,"LowQl":201,"HighQl":300,"Tags":["psychic","refined","cluster","-","faded","(ear)"],"Name":"Psychic Refined Cluster - Faded (Ear)"},"Value":[21]},{"Key":{"LowId":165977,"HighId":165978,"LowQl":201,"HighQl":300,"Tags":["psychic","refined","cluster","-","shiny","(head)"],"Name":"Psychic Refined Cluster - Shiny (Head)"},"Value":[21]},{"Key":{"LowId":101551,"HighId":101552,"LowQl":1,"HighQl":200,"Tags":["psycho","modi","cluster","-","bright","(eye)"],"Name":"Psycho Modi Cluster - Bright (Eye)"},"Value":[129]},{"Key":{"LowId":101549,"HighId":101550,"LowQl":1,"HighQl":200,"Tags":["psycho","modi","cluster","-","faded","(ear)"],"Name":"Psycho Modi Cluster - Faded (Ear)"},"Value":[129]},{"Key":{"LowId":101553,"HighId":101407,"LowQl":1,"HighQl":200,"Tags":["psycho","modi","cluster","-","shiny","(head)"],"Name":"Psycho Modi Cluster - Shiny (Head)"},"Value":[129]},{"Key":{"LowId":165711,"HighId":165712,"LowQl":201,"HighQl":300,"Tags":["psycho","modi","refined","cluster","-","bright","(eye)"],"Name":"Psycho Modi Refined Cluster - Bright (Eye)"},"Value":[129]},{"Key":{"LowId":165709,"HighId":165710,"LowQl":201,"HighQl":300,"Tags":["psycho","modi","refined","cluster","-","faded","(ear)"],"Name":"Psycho Modi Refined Cluster - Faded (Ear)"},"Value":[129]},{"Key":{"LowId":165713,"HighId":165714,"LowQl":201,"HighQl":300,"Tags":["psycho","modi","refined","cluster","-","shiny","(head)"],"Name":"Psycho Modi Refined Cluster - Shiny (Head)"},"Value":[129]},{"Key":{"LowId":101719,"HighId":101720,"LowQl":1,"HighQl":200,"Tags":["psychology","cluster","-","bright","(ear)"],"Name":"Psychology Cluster - Bright (Ear)"},"Value":[162]},{"Key":{"LowId":101717,"HighId":101718,"LowQl":1,"HighQl":200,"Tags":["psychology","cluster","-","faded","(eye)"],"Name":"Psychology Cluster - Faded (Eye)"},"Value":[162]},{"Key":{"LowId":101721,"HighId":101722,"LowQl":1,"HighQl":200,"Tags":["psychology","cluster","-","shiny","(head)"],"Name":"Psychology Cluster - Shiny (Head)"},"Value":[162]},{"Key":{"LowId":165897,"HighId":165898,"LowQl":201,"HighQl":300,"Tags":["psychology","refined","cluster","-","bright","(ear)"],"Name":"Psychology Refined Cluster - Bright (Ear)"},"Value":[162]},{"Key":{"LowId":165895,"HighId":165896,"LowQl":201,"HighQl":300,"Tags":["psychology","refined","cluster","-","faded","(eye)"],"Name":"Psychology Refined Cluster - Faded (Eye)"},"Value":[162]},{"Key":{"LowId":165899,"HighId":165900,"LowQl":201,"HighQl":300,"Tags":["psychology","refined","cluster","-","shiny","(head)"],"Name":"Psychology Refined Cluster - Shiny (Head)"},"Value":[162]},{"Key":{"LowId":101689,"HighId":101690,"LowQl":1,"HighQl":200,"Tags":["quantum","ft","cluster","-","bright","(eye)"],"Name":"Quantum FT Cluster - Bright (Eye)"},"Value":[157]},{"Key":{"LowId":101687,"HighId":101688,"LowQl":1,"HighQl":200,"Tags":["quantum","ft","cluster","-","faded","(right-hand)"],"Name":"Quantum FT Cluster - Faded (Right-Hand)"},"Value":[157]},{"Key":{"LowId":101691,"HighId":101692,"LowQl":1,"HighQl":200,"Tags":["quantum","ft","cluster","-","shiny","(head)"],"Name":"Quantum FT Cluster - Shiny (Head)"},"Value":[157]},{"Key":{"LowId":165867,"HighId":165868,"LowQl":201,"HighQl":300,"Tags":["quantum","ft","refined","cluster","-","bright","(eye)"],"Name":"Quantum FT Refined Cluster - Bright (Eye)"},"Value":[157]},{"Key":{"LowId":165865,"HighId":165866,"LowQl":201,"HighQl":300,"Tags":["quantum","ft","refined","cluster","-","faded","(right-hand)"],"Name":"Quantum FT Refined Cluster - Faded (Right-Hand)"},"Value":[157]},{"Key":{"LowId":165869,"HighId":165870,"LowQl":201,"HighQl":300,"Tags":["quantum","ft","refined","cluster","-","shiny","(head)"],"Name":"Quantum FT Refined Cluster - Shiny (Head)"},"Value":[157]},{"Key":{"LowId":101372,"HighId":101373,"LowQl":1,"HighQl":200,"Tags":["radiation","ac","cluster","-","bright","(left-arm)"],"Name":"Radiation AC Cluster - Bright (Left-Arm)"},"Value":[94]},{"Key":{"LowId":101333,"HighId":101371,"LowQl":1,"HighQl":200,"Tags":["radiation","ac","cluster","-","faded","(right-arm)"],"Name":"Radiation AC Cluster - Faded (Right-Arm)"},"Value":[94]},{"Key":{"LowId":101374,"HighId":101375,"LowQl":1,"HighQl":200,"Tags":["radiation","ac","cluster","-","shiny","(waist)"],"Name":"Radiation AC Cluster - Shiny (Waist)"},"Value":[94]},{"Key":{"LowId":165513,"HighId":165514,"LowQl":201,"HighQl":300,"Tags":["radiation","ac","refined","cluster","-","bright","(left-arm)"],"Name":"Radiation AC Refined Cluster - Bright (Left-Arm)"},"Value":[94]},{"Key":{"LowId":165511,"HighId":165512,"LowQl":201,"HighQl":300,"Tags":["radiation","ac","refined","cluster","-","faded","(right-arm)"],"Name":"Radiation AC Refined Cluster - Faded (Right-Arm)"},"Value":[94]},{"Key":{"LowId":165515,"HighId":165516,"LowQl":201,"HighQl":300,"Tags":["radiation","ac","refined","cluster","-","shiny","(waist)"],"Name":"Radiation AC Refined Cluster - Shiny (Waist)"},"Value":[94]},{"Key":{"LowId":101557,"HighId":101558,"LowQl":1,"HighQl":200,"Tags":["ranged","ener","cluster","-","bright","(eye)"],"Name":"Ranged Ener Cluster - Bright (Eye)"},"Value":[133]},{"Key":{"LowId":101555,"HighId":101556,"LowQl":1,"HighQl":200,"Tags":["ranged","ener","cluster","-","faded","(left-hand)"],"Name":"Ranged Ener Cluster - Faded (Left-Hand)"},"Value":[133]},{"Key":{"LowId":101559,"HighId":101560,"LowQl":1,"HighQl":200,"Tags":["ranged","ener","cluster","-","shiny","(head)"],"Name":"Ranged Ener Cluster - Shiny (Head)"},"Value":[133]},{"Key":{"LowId":165735,"HighId":165736,"LowQl":201,"HighQl":300,"Tags":["ranged","ener","refined","cluster","-","bright","(eye)"],"Name":"Ranged Ener Refined Cluster - Bright (Eye)"},"Value":[133]},{"Key":{"LowId":165733,"HighId":165734,"LowQl":201,"HighQl":300,"Tags":["ranged","ener","refined","cluster","-","faded","(left-hand)"],"Name":"Ranged Ener Refined Cluster - Faded (Left-Hand)"},"Value":[133]},{"Key":{"LowId":165737,"HighId":165738,"LowQl":201,"HighQl":300,"Tags":["ranged","ener","refined","cluster","-","shiny","(head)"],"Name":"Ranged Ener Refined Cluster - Shiny (Head)"},"Value":[133]},{"Key":{"LowId":101491,"HighId":101492,"LowQl":1,"HighQl":200,"Tags":["ranged.","init","cluster","-","bright","(head)"],"Name":"Ranged. Init Cluster - Bright (Head)"},"Value":[119]},{"Key":{"LowId":101489,"HighId":101490,"LowQl":1,"HighQl":200,"Tags":["ranged.","init","cluster","-","faded","(right-hand)"],"Name":"Ranged. Init Cluster - Faded (Right-Hand)"},"Value":[119]},{"Key":{"LowId":101493,"HighId":101494,"LowQl":1,"HighQl":200,"Tags":["ranged.","init","cluster","-","shiny","(right-wrist)"],"Name":"Ranged. Init Cluster - Shiny (Right-Wrist)"},"Value":[119]},{"Key":{"LowId":165651,"HighId":165652,"LowQl":201,"HighQl":300,"Tags":["ranged.","init","refined","cluster","-","bright","(head)"],"Name":"Ranged. Init Refined Cluster - Bright (Head)"},"Value":[119]},{"Key":{"LowId":165649,"HighId":165650,"LowQl":201,"HighQl":300,"Tags":["ranged.","init","refined","cluster","-","faded","(right-hand)"],"Name":"Ranged. Init Refined Cluster - Faded (Right-Hand)"},"Value":[119]},{"Key":{"LowId":165653,"HighId":165654,"LowQl":201,"HighQl":300,"Tags":["ranged.","init","refined","cluster","-","shiny","(right-wrist)"],"Name":"Ranged. Init Refined Cluster - Shiny (Right-Wrist)"},"Value":[119]},{"Key":{"LowId":101455,"HighId":101456,"LowQl":1,"HighQl":200,"Tags":["rifle","cluster","-","bright","(right-wrist)"],"Name":"Rifle Cluster - Bright (Right-Wrist)"},"Value":[113]},{"Key":{"LowId":101453,"HighId":101454,"LowQl":1,"HighQl":200,"Tags":["rifle","cluster","-","faded","(left-wrist)"],"Name":"Rifle Cluster - Faded (Left-Wrist)"},"Value":[113]},{"Key":{"LowId":101457,"HighId":101458,"LowQl":1,"HighQl":200,"Tags":["rifle","cluster","-","shiny","(eye)"],"Name":"Rifle Cluster - Shiny (Eye)"},"Value":[113]},{"Key":{"LowId":165615,"HighId":165616,"LowQl":201,"HighQl":300,"Tags":["rifle","refined","cluster","-","bright","(right-wrist)"],"Name":"Rifle Refined Cluster - Bright (Right-Wrist)"},"Value":[113]},{"Key":{"LowId":165613,"HighId":165614,"LowQl":201,"HighQl":300,"Tags":["rifle","refined","cluster","-","faded","(left-wrist)"],"Name":"Rifle Refined Cluster - Faded (Left-Wrist)"},"Value":[113]},{"Key":{"LowId":165617,"HighId":165618,"LowQl":201,"HighQl":300,"Tags":["rifle","refined","cluster","-","shiny","(eye)"],"Name":"Rifle Refined Cluster - Shiny (Eye)"},"Value":[113]},{"Key":{"LowId":101617,"HighId":101618,"LowQl":1,"HighQl":200,"Tags":["riposte","cluster","-","bright","(left-wrist)"],"Name":"Riposte Cluster - Bright (Left-Wrist)"},"Value":[143]},{"Key":{"LowId":101615,"HighId":101616,"LowQl":1,"HighQl":200,"Tags":["riposte","cluster","-","faded","(right-arm)"],"Name":"Riposte Cluster - Faded (Right-Arm)"},"Value":[143]},{"Key":{"LowId":101619,"HighId":101620,"LowQl":1,"HighQl":200,"Tags":["riposte","cluster","-","shiny","(right-wrist)"],"Name":"Riposte Cluster - Shiny (Right-Wrist)"},"Value":[143]},{"Key":{"LowId":165795,"HighId":165796,"LowQl":201,"HighQl":300,"Tags":["riposte","refined","cluster","-","bright","(left-wrist)"],"Name":"Riposte Refined Cluster - Bright (Left-Wrist)"},"Value":[143]},{"Key":{"LowId":165793,"HighId":165794,"LowQl":201,"HighQl":300,"Tags":["riposte","refined","cluster","-","faded","(right-arm)"],"Name":"Riposte Refined Cluster - Faded (Right-Arm)"},"Value":[143]},{"Key":{"LowId":165797,"HighId":165798,"LowQl":201,"HighQl":300,"Tags":["riposte","refined","cluster","-","shiny","(right-wrist)"],"Name":"Riposte Refined Cluster - Shiny (Right-Wrist)"},"Value":[143]},{"Key":{"LowId":130005,"HighId":130006,"LowQl":1,"HighQl":200,"Tags":["run","speed","cluster","-","bright","(left-wrist)"],"Name":"Run Speed Cluster - Bright (Left-Wrist)"},"Value":[156]},{"Key":{"LowId":130003,"HighId":130004,"LowQl":1,"HighQl":200,"Tags":["run","speed","cluster","-","faded","(leg)"],"Name":"Run Speed Cluster - Faded (Leg)"},"Value":[156]},{"Key":{"LowId":130007,"HighId":130008,"LowQl":1,"HighQl":200,"Tags":["run","speed","cluster","-","shiny","(right-wrist)"],"Name":"Run Speed Cluster - Shiny (Right-Wrist)"},"Value":[156]},{"Key":{"LowId":165939,"HighId":165940,"LowQl":201,"HighQl":300,"Tags":["run","speed","refined","cluster","-","bright","(left-wrist)"],"Name":"Run Speed Refined Cluster - Bright (Left-Wrist)"},"Value":[156]},{"Key":{"LowId":165937,"HighId":165938,"LowQl":201,"HighQl":300,"Tags":["run","speed","refined","cluster","-","faded","(leg)"],"Name":"Run Speed Refined Cluster - Faded (Leg)"},"Value":[156]},{"Key":{"LowId":165941,"HighId":165942,"LowQl":201,"HighQl":300,"Tags":["run","speed","refined","cluster","-","shiny","(right-wrist)"],"Name":"Run Speed Refined Cluster - Shiny (Right-Wrist)"},"Value":[156]},{"Key":{"LowId":101797,"HighId":101798,"LowQl":1,"HighQl":200,"Tags":["sense","cluster","-","bright","(waist)"],"Name":"Sense Cluster - Bright (Waist)"},"Value":[20]},{"Key":{"LowId":101795,"HighId":101796,"LowQl":1,"HighQl":200,"Tags":["sense","cluster","-","faded","(head)"],"Name":"Sense Cluster - Faded (Head)"},"Value":[20]},{"Key":{"LowId":101799,"HighId":101800,"LowQl":1,"HighQl":200,"Tags":["sense","cluster","-","shiny","(chest)"],"Name":"Sense Cluster - Shiny (Chest)"},"Value":[20]},{"Key":{"LowId":165969,"HighId":165970,"LowQl":201,"HighQl":300,"Tags":["sense","refined","cluster","-","bright","(waist)"],"Name":"Sense Refined Cluster - Bright (Waist)"},"Value":[20]},{"Key":{"LowId":165967,"HighId":165968,"LowQl":201,"HighQl":300,"Tags":["sense","refined","cluster","-","faded","(head)"],"Name":"Sense Refined Cluster - Faded (Head)"},"Value":[20]},{"Key":{"LowId":165971,"HighId":165972,"LowQl":201,"HighQl":300,"Tags":["sense","refined","cluster","-","shiny","(chest)"],"Name":"Sense Refined Cluster - Shiny (Chest)"},"Value":[20]},{"Key":{"LowId":101509,"HighId":101510,"LowQl":1,"HighQl":200,"Tags":["sensory","impr","cluster","-","bright","(eye)"],"Name":"Sensory Impr Cluster - Bright (Eye)"},"Value":[122]},{"Key":{"LowId":101507,"HighId":101508,"LowQl":1,"HighQl":200,"Tags":["sensory","impr","cluster","-","faded","(chest)"],"Name":"Sensory Impr Cluster - Faded (Chest)"},"Value":[122]},{"Key":{"LowId":101511,"HighId":101512,"LowQl":1,"HighQl":200,"Tags":["sensory","impr","cluster","-","shiny","(head)"],"Name":"Sensory Impr Cluster - Shiny (Head)"},"Value":[122]},{"Key":{"LowId":165669,"HighId":165670,"LowQl":201,"HighQl":300,"Tags":["sensory","impr","refined","cluster","-","bright","(eye)"],"Name":"Sensory Impr Refined Cluster - Bright (Eye)"},"Value":[122]},{"Key":{"LowId":165667,"HighId":165668,"LowQl":201,"HighQl":300,"Tags":["sensory","impr","refined","cluster","-","faded","(chest)"],"Name":"Sensory Impr Refined Cluster - Faded (Chest)"},"Value":[122]},{"Key":{"LowId":165671,"HighId":165672,"LowQl":201,"HighQl":300,"Tags":["sensory","impr","refined","cluster","-","shiny","(head)"],"Name":"Sensory Impr Refined Cluster - Shiny (Head)"},"Value":[122]},{"Key":{"LowId":101425,"HighId":101426,"LowQl":1,"HighQl":200,"Tags":["sharp","obj","cluster","-","bright","(right-hand)"],"Name":"Sharp Obj Cluster - Bright (Right-Hand)"},"Value":[108]},{"Key":{"LowId":101369,"HighId":101370,"LowQl":1,"HighQl":200,"Tags":["sharp","obj","cluster","-","faded","(eye)"],"Name":"Sharp Obj Cluster - Faded (Eye)"},"Value":[108]},{"Key":{"LowId":101427,"HighId":101428,"LowQl":1,"HighQl":200,"Tags":["sharp","obj","cluster","-","shiny","(right-wrist)"],"Name":"Sharp Obj Cluster - Shiny (Right-Wrist)"},"Value":[108]},{"Key":{"LowId":165585,"HighId":165586,"LowQl":201,"HighQl":300,"Tags":["sharp","obj","refined","cluster","-","bright","(right-hand)"],"Name":"Sharp Obj Refined Cluster - Bright (Right-Hand)"},"Value":[108]},{"Key":{"LowId":165583,"HighId":165584,"LowQl":201,"HighQl":300,"Tags":["sharp","obj","refined","cluster","-","faded","(eye)"],"Name":"Sharp Obj Refined Cluster - Faded (Eye)"},"Value":[108]},{"Key":{"LowId":165587,"HighId":165588,"LowQl":201,"HighQl":300,"Tags":["sharp","obj","refined","cluster","-","shiny","(right-wrist)"],"Name":"Sharp Obj Refined Cluster - Shiny (Right-Wrist)"},"Value":[108]},{"Key":{"LowId":101467,"HighId":101468,"LowQl":1,"HighQl":200,"Tags":["shotgun","cluster","-","bright","(right-hand)"],"Name":"Shotgun Cluster - Bright (Right-Hand)"},"Value":[115]},{"Key":{"LowId":101465,"HighId":101466,"LowQl":1,"HighQl":200,"Tags":["shotgun","cluster","-","faded","(waist)"],"Name":"Shotgun Cluster - Faded (Waist)"},"Value":[115]},{"Key":{"LowId":101469,"HighId":101470,"LowQl":1,"HighQl":200,"Tags":["shotgun","cluster","-","shiny","(right-arm)"],"Name":"Shotgun Cluster - Shiny (Right-Arm)"},"Value":[115]},{"Key":{"LowId":165627,"HighId":165628,"LowQl":201,"HighQl":300,"Tags":["shotgun","refined","cluster","-","bright","(right-hand)"],"Name":"Shotgun Refined Cluster - Bright (Right-Hand)"},"Value":[115]},{"Key":{"LowId":165625,"HighId":165626,"LowQl":201,"HighQl":300,"Tags":["shotgun","refined","cluster","-","faded","(waist)"],"Name":"Shotgun Refined Cluster - Faded (Waist)"},"Value":[115]},{"Key":{"LowId":165629,"HighId":165630,"LowQl":201,"HighQl":300,"Tags":["shotgun","refined","cluster","-","shiny","(right-arm)"],"Name":"Shotgun Refined Cluster - Shiny (Right-Arm)"},"Value":[115]},{"Key":{"LowId":101635,"HighId":101636,"LowQl":1,"HighQl":200,"Tags":["sneak","atck","cluster","-","bright","(right-wrist)"],"Name":"Sneak Atck Cluster - Bright (Right-Wrist)"},"Value":[146]},{"Key":{"LowId":101633,"HighId":101634,"LowQl":1,"HighQl":200,"Tags":["sneak","atck","cluster","-","faded","(eye)"],"Name":"Sneak Atck Cluster - Faded (Eye)"},"Value":[146]},{"Key":{"LowId":101637,"HighId":101638,"LowQl":1,"HighQl":200,"Tags":["sneak","atck","cluster","-","shiny","(feet)"],"Name":"Sneak Atck Cluster - Shiny (Feet)"},"Value":[146]},{"Key":{"LowId":165813,"HighId":165814,"LowQl":201,"HighQl":300,"Tags":["sneak","atck","refined","cluster","-","bright","(right-wrist)"],"Name":"Sneak Atck Refined Cluster - Bright (Right-Wrist)"},"Value":[146]},{"Key":{"LowId":165811,"HighId":165812,"LowQl":201,"HighQl":300,"Tags":["sneak","atck","refined","cluster","-","faded","(eye)"],"Name":"Sneak Atck Refined Cluster - Faded (Eye)"},"Value":[146]},{"Key":{"LowId":165815,"HighId":165816,"LowQl":201,"HighQl":300,"Tags":["sneak","atck","refined","cluster","-","shiny","(feet)"],"Name":"Sneak Atck Refined Cluster - Shiny (Feet)"},"Value":[146]},{"Key":{"LowId":101785,"HighId":101786,"LowQl":1,"HighQl":200,"Tags":["stamina","cluster","-","bright","(leg)"],"Name":"Stamina Cluster - Bright (Leg)"},"Value":[18]},{"Key":{"LowId":101783,"HighId":101784,"LowQl":1,"HighQl":200,"Tags":["stamina","cluster","-","faded","(waist)"],"Name":"Stamina Cluster - Faded (Waist)"},"Value":[18]},{"Key":{"LowId":101787,"HighId":101788,"LowQl":1,"HighQl":200,"Tags":["stamina","cluster","-","shiny","(chest)"],"Name":"Stamina Cluster - Shiny (Chest)"},"Value":[18]},{"Key":{"LowId":165957,"HighId":165958,"LowQl":201,"HighQl":300,"Tags":["stamina","refined","cluster","-","bright","(leg)"],"Name":"Stamina Refined Cluster - Bright (Leg)"},"Value":[18]},{"Key":{"LowId":165955,"HighId":165956,"LowQl":201,"HighQl":300,"Tags":["stamina","refined","cluster","-","faded","(waist)"],"Name":"Stamina Refined Cluster - Faded (Waist)"},"Value":[18]},{"Key":{"LowId":165959,"HighId":165960,"LowQl":201,"HighQl":300,"Tags":["stamina","refined","cluster","-","shiny","(chest)"],"Name":"Stamina Refined Cluster - Shiny (Chest)"},"Value":[18]},{"Key":{"LowId":101773,"HighId":101774,"LowQl":1,"HighQl":200,"Tags":["strength","cluster","-","bright","(left-arm)"],"Name":"Strength Cluster - Bright (Left-Arm)"},"Value":[16]},{"Key":{"LowId":101771,"HighId":101772,"LowQl":1,"HighQl":200,"Tags":["strength","cluster","-","faded","(chest)"],"Name":"Strength Cluster - Faded (Chest)"},"Value":[16]},{"Key":{"LowId":101775,"HighId":101776,"LowQl":1,"HighQl":200,"Tags":["strength","cluster","-","shiny","(right-arm)"],"Name":"Strength Cluster - Shiny (Right-Arm)"},"Value":[16]},{"Key":{"LowId":165945,"HighId":165946,"LowQl":201,"HighQl":300,"Tags":["strength","refined","cluster","-","bright","(left-arm)"],"Name":"Strength Refined Cluster - Bright (Left-Arm)"},"Value":[16]},{"Key":{"LowId":165943,"HighId":165944,"LowQl":201,"HighQl":300,"Tags":["strength","refined","cluster","-","faded","(chest)"],"Name":"Strength Refined Cluster - Faded (Chest)"},"Value":[16]},{"Key":{"LowId":165947,"HighId":165948,"LowQl":201,"HighQl":300,"Tags":["strength","refined","cluster","-","shiny","(right-arm)"],"Name":"Strength Refined Cluster - Shiny (Right-Arm)"},"Value":[16]},{"Key":{"LowId":101587,"HighId":101588,"LowQl":1,"HighQl":200,"Tags":["swimming","cluster","-","bright","(right-arm)"],"Name":"Swimming Cluster - Bright (Right-Arm)"},"Value":[138]},{"Key":{"LowId":101585,"HighId":101586,"LowQl":1,"HighQl":200,"Tags":["swimming","cluster","-","faded","(left-arm)"],"Name":"Swimming Cluster - Faded (Left-Arm)"},"Value":[138]},{"Key":{"LowId":101589,"HighId":101590,"LowQl":1,"HighQl":200,"Tags":["swimming","cluster","-","shiny","(leg)"],"Name":"Swimming Cluster - Shiny (Leg)"},"Value":[138]},{"Key":{"LowId":165765,"HighId":165766,"LowQl":201,"HighQl":300,"Tags":["swimming","refined","cluster","-","bright","(right-arm)"],"Name":"Swimming Refined Cluster - Bright (Right-Arm)"},"Value":[138]},{"Key":{"LowId":165763,"HighId":165764,"LowQl":201,"HighQl":300,"Tags":["swimming","refined","cluster","-","faded","(left-arm)"],"Name":"Swimming Refined Cluster - Faded (Left-Arm)"},"Value":[138]},{"Key":{"LowId":165767,"HighId":165768,"LowQl":201,"HighQl":300,"Tags":["swimming","refined","cluster","-","shiny","(leg)"],"Name":"Swimming Refined Cluster - Shiny (Leg)"},"Value":[138]},{"Key":{"LowId":101416,"HighId":101417,"LowQl":1,"HighQl":200,"Tags":["time","&","space","cluster","-","bright","(right-hand)"],"Name":"Time & Space Cluster - Bright (Right-Hand)"},"Value":[131]},{"Key":{"LowId":101414,"HighId":101415,"LowQl":1,"HighQl":200,"Tags":["time","&","space","cluster","-","faded","(eye)"],"Name":"Time & Space Cluster - Faded (Eye)"},"Value":[131]},{"Key":{"LowId":101418,"HighId":101419,"LowQl":1,"HighQl":200,"Tags":["time","&","space","cluster","-","shiny","(head)"],"Name":"Time & Space Cluster - Shiny (Head)"},"Value":[131]},{"Key":{"LowId":165723,"HighId":165724,"LowQl":201,"HighQl":300,"Tags":["time","&","space","refined","cluster","-","bright","(right-hand)"],"Name":"Time & Space Refined Cluster - Bright (Right-Hand)"},"Value":[131]},{"Key":{"LowId":165721,"HighId":165722,"LowQl":201,"HighQl":300,"Tags":["time","&","space","refined","cluster","-","faded","(eye)"],"Name":"Time & Space Refined Cluster - Faded (Eye)"},"Value":[131]},{"Key":{"LowId":165725,"HighId":165726,"LowQl":201,"HighQl":300,"Tags":["time","&","space","refined","cluster","-","shiny","(head)"],"Name":"Time & Space Refined Cluster - Shiny (Head)"},"Value":[131]},{"Key":{"LowId":101569,"HighId":101570,"LowQl":1,"HighQl":200,"Tags":["trap","disarm","cluster","-","bright","(left-hand)"],"Name":"Trap Disarm Cluster - Bright (Left-Hand)"},"Value":[135]},{"Key":{"LowId":101567,"HighId":101568,"LowQl":1,"HighQl":200,"Tags":["trap","disarm","cluster","-","faded","(head)"],"Name":"Trap Disarm Cluster - Faded (Head)"},"Value":[135]},{"Key":{"LowId":101571,"HighId":101572,"LowQl":1,"HighQl":200,"Tags":["trap","disarm","cluster","-","shiny","(right-hand)"],"Name":"Trap Disarm Cluster - Shiny (Right-Hand)"},"Value":[135]},{"Key":{"LowId":165747,"HighId":165748,"LowQl":201,"HighQl":300,"Tags":["trap","disarm","refined","cluster","-","bright","(left-hand)"],"Name":"Trap Disarm Refined Cluster - Bright (Left-Hand)"},"Value":[135]},{"Key":{"LowId":165745,"HighId":165746,"LowQl":201,"HighQl":300,"Tags":["trap","disarm","refined","cluster","-","faded","(head)"],"Name":"Trap Disarm Refined Cluster - Faded (Head)"},"Value":[135]},{"Key":{"LowId":165749,"HighId":165750,"LowQl":201,"HighQl":300,"Tags":["trap","disarm","refined","cluster","-","shiny","(right-hand)"],"Name":"Trap Disarm Refined Cluster - Shiny (Right-Hand)"},"Value":[135]},{"Key":{"LowId":101521,"HighId":101522,"LowQl":1,"HighQl":200,"Tags":["treatment","cluster","-","bright","(eye)"],"Name":"Treatment Cluster - Bright (Eye)"},"Value":[124]},{"Key":{"LowId":101519,"HighId":101520,"LowQl":1,"HighQl":200,"Tags":["treatment","cluster","-","faded","(right-hand)"],"Name":"Treatment Cluster - Faded (Right-Hand)"},"Value":[124]},{"Key":{"LowId":101523,"HighId":101524,"LowQl":1,"HighQl":200,"Tags":["treatment","cluster","-","shiny","(head)"],"Name":"Treatment Cluster - Shiny (Head)"},"Value":[124]},{"Key":{"LowId":165681,"HighId":165682,"LowQl":201,"HighQl":300,"Tags":["treatment","refined","cluster","-","bright","(eye)"],"Name":"Treatment Refined Cluster - Bright (Eye)"},"Value":[124]},{"Key":{"LowId":165679,"HighId":165680,"LowQl":201,"HighQl":300,"Tags":["treatment","refined","cluster","-","faded","(right-hand)"],"Name":"Treatment Refined Cluster - Faded (Right-Hand)"},"Value":[124]},{"Key":{"LowId":165683,"HighId":165684,"LowQl":201,"HighQl":300,"Tags":["treatment","refined","cluster","-","shiny","(head)"],"Name":"Treatment Refined Cluster - Shiny (Head)"},"Value":[124]},{"Key":{"LowId":101605,"HighId":101606,"LowQl":1,"HighQl":200,"Tags":["tutoring","cluster","-","bright","(ear)"],"Name":"Tutoring Cluster - Bright (Ear)"},"Value":[141]},{"Key":{"LowId":101603,"HighId":101604,"LowQl":1,"HighQl":200,"Tags":["tutoring","cluster","-","faded","(head)"],"Name":"Tutoring Cluster - Faded (Head)"},"Value":[141]},{"Key":{"LowId":101607,"HighId":101608,"LowQl":1,"HighQl":200,"Tags":["tutoring","cluster","-","shiny","(eye)"],"Name":"Tutoring Cluster - Shiny (Eye)"},"Value":[141]},{"Key":{"LowId":165783,"HighId":165784,"LowQl":201,"HighQl":300,"Tags":["tutoring","refined","cluster","-","bright","(ear)"],"Name":"Tutoring Refined Cluster - Bright (Ear)"},"Value":[141]},{"Key":{"LowId":165781,"HighId":165782,"LowQl":201,"HighQl":300,"Tags":["tutoring","refined","cluster","-","faded","(head)"],"Name":"Tutoring Refined Cluster - Faded (Head)"},"Value":[141]},{"Key":{"LowId":165785,"HighId":165786,"LowQl":201,"HighQl":300,"Tags":["tutoring","refined","cluster","-","shiny","(eye)"],"Name":"Tutoring Refined Cluster - Shiny (Eye)"},"Value":[141]},{"Key":{"LowId":101593,"HighId":101594,"LowQl":1,"HighQl":200,"Tags":["vehicle","air","cluster","-","bright","(ear)"],"Name":"Vehicle Air Cluster - Bright (Ear)"},"Value":[139]},{"Key":{"LowId":101591,"HighId":101592,"LowQl":1,"HighQl":200,"Tags":["vehicle","air","cluster","-","faded","(head)"],"Name":"Vehicle Air Cluster - Faded (Head)"},"Value":[139]},{"Key":{"LowId":101595,"HighId":101596,"LowQl":1,"HighQl":200,"Tags":["vehicle","air","cluster","-","shiny","(eye)"],"Name":"Vehicle Air Cluster - Shiny (Eye)"},"Value":[139]},{"Key":{"LowId":165771,"HighId":165772,"LowQl":201,"HighQl":300,"Tags":["vehicle","air","refined","cluster","-","bright","(ear)"],"Name":"Vehicle Air Refined Cluster - Bright (Ear)"},"Value":[139]},{"Key":{"LowId":165769,"HighId":165770,"LowQl":201,"HighQl":300,"Tags":["vehicle","air","refined","cluster","-","faded","(head)"],"Name":"Vehicle Air Refined Cluster - Faded (Head)"},"Value":[139]},{"Key":{"LowId":165773,"HighId":165774,"LowQl":201,"HighQl":300,"Tags":["vehicle","air","refined","cluster","-","shiny","(eye)"],"Name":"Vehicle Air Refined Cluster - Shiny (Eye)"},"Value":[139]},{"Key":{"LowId":101743,"HighId":101744,"LowQl":1,"HighQl":200,"Tags":["vehicle","grnd","cluster","-","bright","(eye)"],"Name":"Vehicle Grnd Cluster - Bright (Eye)"},"Value":[166]},{"Key":{"LowId":101741,"HighId":101742,"LowQl":1,"HighQl":200,"Tags":["vehicle","grnd","cluster","-","faded","(ear)"],"Name":"Vehicle Grnd Cluster - Faded (Ear)"},"Value":[166]},{"Key":{"LowId":101745,"HighId":101746,"LowQl":1,"HighQl":200,"Tags":["vehicle","grnd","cluster","-","shiny","(head)"],"Name":"Vehicle Grnd Cluster - Shiny (Head)"},"Value":[166]},{"Key":{"LowId":165921,"HighId":165922,"LowQl":201,"HighQl":300,"Tags":["vehicle","grnd","refined","cluster","-","bright","(eye)"],"Name":"Vehicle Grnd Refined Cluster - Bright (Eye)"},"Value":[166]},{"Key":{"LowId":165919,"HighId":165920,"LowQl":201,"HighQl":300,"Tags":["vehicle","grnd","refined","cluster","-","faded","(ear)"],"Name":"Vehicle Grnd Refined Cluster - Faded (Ear)"},"Value":[166]},{"Key":{"LowId":165923,"HighId":165924,"LowQl":201,"HighQl":300,"Tags":["vehicle","grnd","refined","cluster","-","shiny","(head)"],"Name":"Vehicle Grnd Refined Cluster - Shiny (Head)"},"Value":[166]},{"Key":{"LowId":101479,"HighId":101480,"LowQl":1,"HighQl":200,"Tags":["vehicle","hydr","cluster","-","bright","(eye)"],"Name":"Vehicle Hydr Cluster - Bright (Eye)"},"Value":[117]},{"Key":{"LowId":101477,"HighId":101478,"LowQl":1,"HighQl":200,"Tags":["vehicle","hydr","cluster","-","faded","(ear)"],"Name":"Vehicle Hydr Cluster - Faded (Ear)"},"Value":[117]},{"Key":{"LowId":101481,"HighId":101482,"LowQl":1,"HighQl":200,"Tags":["vehicle","hydr","cluster","-","shiny","(head)"],"Name":"Vehicle Hydr Cluster - Shiny (Head)"},"Value":[117]},{"Key":{"LowId":165639,"HighId":165640,"LowQl":201,"HighQl":300,"Tags":["vehicle","hydr","refined","cluster","-","bright","(eye)"],"Name":"Vehicle Hydr Refined Cluster - Bright (Eye)"},"Value":[117]},{"Key":{"LowId":165637,"HighId":165638,"LowQl":201,"HighQl":300,"Tags":["vehicle","hydr","refined","cluster","-","faded","(ear)"],"Name":"Vehicle Hydr Refined Cluster - Faded (Ear)"},"Value":[117]},{"Key":{"LowId":165641,"HighId":165642,"LowQl":201,"HighQl":300,"Tags":["vehicle","hydr","refined","cluster","-","shiny","(head)"],"Name":"Vehicle Hydr Refined Cluster - Shiny (Head)"},"Value":[117]},{"Key":{"LowId":101695,"HighId":101696,"LowQl":1,"HighQl":200,"Tags":["weapon","smt","cluster","-","bright","(head)"],"Name":"Weapon Smt Cluster - Bright (Head)"},"Value":[158]},{"Key":{"LowId":101693,"HighId":101694,"LowQl":1,"HighQl":200,"Tags":["weapon","smt","cluster","-","faded","(eye)"],"Name":"Weapon Smt Cluster - Faded (Eye)"},"Value":[158]},{"Key":{"LowId":101697,"HighId":101698,"LowQl":1,"HighQl":200,"Tags":["weapon","smt","cluster","-","shiny","(right-hand)"],"Name":"Weapon Smt Cluster - Shiny (Right-Hand)"},"Value":[158]},{"Key":{"LowId":165873,"HighId":165874,"LowQl":201,"HighQl":300,"Tags":["weapon","smt","refined","cluster","-","bright","(head)"],"Name":"Weapon Smt Refined Cluster - Bright (Head)"},"Value":[158]},{"Key":{"LowId":165871,"HighId":165872,"LowQl":201,"HighQl":300,"Tags":["weapon","smt","refined","cluster","-","faded","(eye)"],"Name":"Weapon Smt Refined Cluster - Faded (Eye)"},"Value":[158]},{"Key":{"LowId":165875,"HighId":165876,"LowQl":201,"HighQl":300,"Tags":["weapon","smt","refined","cluster","-","shiny","(right-hand)"],"Name":"Weapon Smt Refined Cluster - Shiny (Right-Hand)"},"Value":[158]}]