﻿<?xml version="1.0" standalone="yes"?>
<root>
  <BorderView v_alignment="TOP" h_alignment="CENTER" view_layout="vertical" name="Settings" layout_borders="Rect(0,0,0,2)" max_size="Point(16000,-1)">
    <TextView value=" " layout_borders="Rect(0,0,0,2)"/>
    <TextView value="Rename bags to 'loot' these will be the bags that" layout_borders="Rect(0,0,0,2)"/>
    <TextView value="items will be sent to when inventory is full." layout_borders="Rect(0,0,0,2)"/>
    <TextView value="" layout_borders="Rect(0,0,0,2)"/>
    <TextView value="Select an item in the list view to show it's Ql's and Id in the UI." layout_borders="Rect(0,0,0,2)"/>
    <TextView value="De-select to add new items, or you won't be able to enter any values." layout_borders="Rect(0,0,0,2)"/>
    <TextView value="" layout_borders="Rect(0,0,0,2)"/>
    <BitmapView bitmap_id="GFX_GUI_FRIENDLIST_SPLITTER" layout_borders="Rect(5,5,5,5)"/>
    <TextView value=" " layout_borders="Rect(0,0,0,2)"/>
    <TextView value="Commands;" layout_borders="Rect(0,0,0,2)"/>
    <TextView value="/setinv - Sets each item in your inventory to ignore when moving loot to bag." layout_borders="Rect(0,0,0,2)"/>
    <TextView value="/clearinv - Clears the list." layout_borders="Rect(0,0,0,2)"/>
    <!--<TextView value="/ignoreloot name - Ignores these items when moving to extra bags." layout_borders="Rect(0,0,0,2)"/>
    <TextView value="/printignore name - Prints ignore list." layout_borders="Rect(0,0,0,2)"/>-->
    <TextView value=" " layout_borders="Rect(0,0,0,2)"/>
  </BorderView>
</root>