﻿<?xml version="1.0" standalone="yes"?>
<root>
  <BorderView v_alignment="TOP" h_alignment="CENTER" view_layout="vertical" name="Settings" layout_borders="Rect(0,0,0,2)" max_size="Point(16000,-1)">
    <TextView value=" " layout_borders="Rect(0,0,0,2)"/>
    <TextView value="Commands;" layout_borders="Rect(0,0,0,2)"/>
    <TextView value="/yalm - Toggles yalm (if you cancel the ncu, will need to type twice)." layout_borders="Rect(0,0,0,2)"/>
    <TextView value="/rebuff - Rebuff all toons." layout_borders="Rect(0,0,0,2)"/>
    <TextView value="/autosit - Toggles auto sitting." layout_borders="Rect(0,0,0,2)"/>
    <TextView value=" " layout_borders="Rect(0,0,0,2)"/>
  </BorderView>
</root>