﻿<?xml version="1.0" standalone="yes"?>
<root>
  <BorderView v_alignment="TOP" h_alignment="CENTER" view_layout="vertical" name="Settings" layout_borders="Rect(0,0,0,2)" max_size="Point(16000,-1)">
    <TextView value=" " layout_borders="Rect(0,0,0,2)"/>
    <TextView value="Sync movement - sync each characters movements." layout_borders="Rect(0,0,0,2)"/>
    <TextView value=" " layout_borders="Rect(0,0,0,2)"/>
    <TextView value="Sync bags - sync opening bags. (Will open on inject and on toggle)" layout_borders="Rect(0,0,0,2)"/>
    <TextView value=" " layout_borders="Rect(0,0,0,2)"/>
    <TextView value="Sync use - sync using items, use with sync bags to use items from bags." layout_borders="Rect(0,0,0,2)"/>
    <TextView value=" " layout_borders="Rect(0,0,0,2)"/>
    <TextView value="Sync chat - sync chat options to NPCs." layout_borders="Rect(0,0,0,2)"/>
    <TextView value=" " layout_borders="Rect(0,0,0,2)"/>
    <TextView value="Sync trade - auto accepts trading. (Not working currently)" layout_borders="Rect(0,0,0,2)"/>
    <TextView value=" " layout_borders="Rect(0,0,0,2)"/>
    <BitmapView bitmap_id="GFX_GUI_FRIENDLIST_SPLITTER" layout_borders="Rect(5,5,5,5)"/>
    <TextView value=" " layout_borders="Rect(0,0,0,2)"/>
    <TextView value="Commands;" layout_borders="Rect(0,0,0,2)"/>
    <TextView value="/syncmove - toggles sync movement." layout_borders="Rect(0,0,0,2)"/>
    <TextView value="/syncbags - toggles sync bags." layout_borders="Rect(0,0,0,2)"/>
    <TextView value="/syncuse - toggles sync use." layout_borders="Rect(0,0,0,2)"/>
    <TextView value="/syncchat - toggles sync chat." layout_borders="Rect(0,0,0,2)"/>
    <TextView value="/synctrade - toggles sync trading. (Not working currently)" layout_borders="Rect(0,0,0,2)"/>
    <TextView value=" " layout_borders="Rect(0,0,0,2)"/>
  </BorderView>
</root>