﻿<?xml version="1.0" standalone="yes"?>
<root>
  <BorderView v_alignment="TOP" h_alignment="CENTER" view_layout="vertical" name="Settings" layout_borders="Rect(0,0,0,2)" max_size="Point(16000,-1)">
    <TextView value="" layout_borders="Rect(0,0,0,2)"/>
    <OptionCheckBox label="Spawn pets" opt_category="AOSharp" opt_type="variant" opt_variable="CombatHandler__SpawnPets" layout_borders="Rect(10,1,5,1)"/>
    <OptionCheckBox label="Buff pets" opt_category="AOSharp" opt_type="variant" opt_variable="CombatHandler__BuffPets" layout_borders="Rect(10,1,5,1)"/>
    <OptionCheckBox label="Sync pets" opt_category="AOSharp" opt_type="variant" opt_variable="CombatHandler__SyncPets" layout_borders="Rect(10,1,5,1)"/>
    <OptionCheckBox label="Warp pets" opt_category="AOSharp" opt_type="variant" opt_variable="CombatHandler__WarpPets" layout_borders="Rect(10,1,5,1)"/>
    <TextView value="" layout_borders="Rect(0,0,0,2)"/>
    <OptionCheckBox label="Masters Bidding" opt_category="AOSharp" opt_type="variant" opt_variable="CombatHandler__MastersBidding" layout_borders="Rect(10,1,5,1)"/>
    <TextView value=" " layout_borders="Rect(5,5,5,5)"/>
    <OptionCheckBox label="Divert to Offense Trimmer" opt_category="AOSharp" opt_type="variant" opt_variable="CombatHandler__DivertTrimmer" layout_borders="Rect(10,1,5,1)"/>
    <OptionCheckBox label="Taunt Trimmer" opt_category="AOSharp" opt_type="variant" opt_variable="CombatHandler__TauntTrimmer" layout_borders="Rect(10,1,5,1)"/>
    <OptionCheckBox label="Aggressive-Defensive Trimmer" opt_category="AOSharp" opt_type="variant" opt_variable="CombatHandler__AggDefTrimmer" layout_borders="Rect(10,1,5,1)"/>
    <TextView value="" layout_borders="Rect(5,5,5,5)"/>
  </BorderView>
</root>