﻿<?xml version="1.0" standalone="yes"?>
<root>
  <View view_layout="vertical" name="parent">
    <BorderView v_alignment="TOP" h_alignment="CENTER" view_layout="vertical" name="Settings" layout_borders="Rect(5,5,5,5)" max_size="Point(16000,-1)">
        <TextView value="" layout_borders="Rect(5,5,5,5)"/>
        <BitmapView bitmap_id="GFX_GUI_FRIENDLIST_SPLITTER" layout_borders="Rect(5,5,5,5)"/>
        <Button name="OSTBuddyInfoView" label="Info" layout_borders="Rect(5,5,3,5)"/>
        <BitmapView bitmap_id="GFX_GUI_FRIENDLIST_SPLITTER" layout_borders="Rect(5,5,5,5)"/>
      <TextView value=" " layout_borders="Rect(5,5,5,5)"/>
      <OptionCheckBox label="Enabled" opt_category="AOSharp" opt_type="variant" opt_variable="OSTBuddy__Toggle" layout_borders="Rect(10,1,5,1)"/>
      <TextView value=" " layout_borders="Rect(5,5,5,5)"/>
      <View v_alignment="TOP" h_alignment="LEFT" view_layout="vertical" name="OSTBuddy" layout_borders="Rect(0,0,0,2)" max_size="Point(16000,-1)">
      <OptionRadioButtonGroup label="Mode" h_alignment="LEFT" layout_borders="Rect(10,1,5,1)" opt_type="variant" opt_variable="OSTBuddy__MongoSelection">
        <RadioButton label="Slam" value="0"/>
        <RadioButton label="Demolish" value="1"/>
      </OptionRadioButtonGroup>
      </View>
      <TextView value=" " layout_borders="Rect(5,5,5,5)"/>
      <View v_alignment="TOP" h_alignment="CENTER" view_layout="vertical" name="OSTBuddy" layout_borders="Rect(0,0,0,2)" max_size="Point(16000,-1)">
        <BitmapView bitmap_id="GFX_GUI_FRIENDLIST_SPLITTER" layout_borders="Rect(5,5,5,5)"/>
        <TextView value=" " layout_borders="Rect(5,5,5,5)"/>
        <TextView value="Respawn delay*" layout_borders="Rect(5,5,5,5)"/>
        <TextInputView name="RespawnDelayBox" min_size="Point(30,14)" max_size="Point(30,14)" layout_borders="Rect(4,4,4,4)"/>
        <TextView value=" " layout_borders="Rect(5,5,5,5)"/>
        <TextView value="Waypoints" layout_borders="Rect(5,5,5,5)"/>
        <Button name="AddWaypoint" label="Add" layout_borders="Rect(5,5,3,5)"/>
        <Button name="ClearWaypoints" label="Clear" layout_borders="Rect(5,5,3,5)"/>
        <TextView value=" " layout_borders="Rect(5,5,5,5)"/>
        <BitmapView bitmap_id="GFX_GUI_FRIENDLIST_SPLITTER" layout_borders="Rect(5,5,5,5)"/>
      </View>
      <TextView value="" layout_borders="Rect(0,0,0,2)"/>
      <TextView value="*Delay calculated as seconds." layout_borders="Rect(5,5,5,5)"/>
      <TextView value="" layout_borders="Rect(5,5,5,5)"/>
    </BorderView>
  </View>
</root>