﻿<?xml version="1.0" standalone="yes"?>
<root>
  <BorderView v_alignment="TOP" h_alignment="LEFT" view_layout="vertical" name="HelperHelpBox" layout_borders="Rect(0,0,0,2)" max_size="Point(16000,-1)">
    <TextView value="" layout_borders="Rect(5,5,5,5)"/>
    <OptionCheckBox label="(Local) Buffing" opt_category="AOSharp" opt_type="variant" opt_variable="CombatHandler__Buffing" layout_borders="Rect(10,1,5,1)"/>
    <OptionCheckBox label="(Local) Composites" opt_category="AOSharp" opt_type="variant" opt_variable="CombatHandler__Composites" layout_borders="Rect(10,1,5,1)"/>
	  <TextView value="" layout_borders="Rect(0,0,0,2)"/>
	  <OptionCheckBox label="Short HOT" opt_category="AOSharp" opt_type="variant" opt_variable="CombatHandler__ShortHOT" layout_borders="Rect(10,1,5,1)"/>
	  <TextView value="" layout_borders="Rect(0,0,0,2)"/>
    <OptionRadioButtonGroup label="Armor" layout_borders="Rect(10,1,5,1)" opt_type="variant" opt_variable="CombatHandler__ArmorSelection">
      <RadioButton label="None" value="0"/>
      <RadioButton label="Shadowweb Spinner" value="1"/>
      <RadioButton label="Grid" value="2"/>
    </OptionRadioButtonGroup>
    <TextView value=" " layout_borders="Rect(5,5,5,5)"/>
    <OptionRadioButtonGroup label="Runspeed" layout_borders="Rect(10,1,5,1)" opt_type="variant" opt_variable="CombatHandler__RunspeedSelection">
      <RadioButton label="None" value="0"/>
      <RadioButton label="Rubi-Ka" value="1"/>
      <RadioButton label="Shadowlands" value="2"/>
    </OptionRadioButtonGroup>
    <TextView value=" " layout_borders="Rect(5,5,5,5)"/>
    <OptionRadioButtonGroup label="Long HOT" layout_borders="Rect(10,1,5,1)" opt_type="variant" opt_variable="CombatHandler__LongHOTSelection">
      <RadioButton label="None" value="0"/>
      <RadioButton label="Self" value="1"/>
      <RadioButton label="Team" value="2"/>
    </OptionRadioButtonGroup>
    <TextView value=" " layout_borders="Rect(5,5,5,5)"/>
  </BorderView>
</root>