﻿<?xml version="1.0" standalone="yes"?>
<root>
	<BorderView v_alignment="TOP" h_alignment="LEFT" view_layout="vertical" name="HelperHelpBox" layout_borders="Rect(0,0,0,2)" max_size="Point(16000,-1)">
		<TextView value="" layout_borders="Rect(0,0,0,2)"/>
		<View v_alignment="TOP" h_alignment="LEFT" view_layout="vertical" layout_borders="Rect(5,5,5,5)" max_size="Point(16000,-1)">
    <OptionCheckBox label="(Local) Buffing" opt_category="AOSharp" opt_type="variant" opt_variable="CombatHandler__Buffing" layout_borders="Rect(10,1,5,1)"/>
    <OptionCheckBox label="(Local) Composites" opt_category="AOSharp" opt_type="variant" opt_variable="CombatHandler__Composites" layout_borders="Rect(10,1,5,1)"/>
	  <TextView value="" layout_borders="Rect(0,0,0,2)"/>
		  <OptionCheckBox label="(Team) Armor" opt_category="AOSharp" opt_type="variant" opt_variable="CombatHandler__TeamArmorBuffs" layout_borders="Rect(10,1,5,1)"/>
		  <OptionCheckBox label="(Team) Damage Shields" opt_category="AOSharp" opt_type="variant" opt_variable="CombatHandler__DamageShields" layout_borders="Rect(10,1,5,1)"/>
		  <OptionCheckBox label="(Team) XP Bonus" opt_category="AOSharp" opt_type="variant" opt_variable="CombatHandler__XPBonus" layout_borders="Rect(10,1,5,1)"/>
			<OptionCheckBox label="(Team) Runspeed Buffs" opt_category="AOSharp" opt_type="variant" opt_variable="CombatHandler__RunspeedBuffs" layout_borders="Rect(10,1,5,1)"/>
	  </View>
		  <TextView value="" layout_borders="Rect(0,0,0,2)"/>
		<View v_alignment="TOP" h_alignment="Left" view_layout="vertical" layout_borders="Rect(5,5,5,5)" max_size="Point(16000,-1)">
			  <OptionRadioButtonGroup label="Treatment Buff" layout_borders="Rect(10,1,5,1)" opt_type="variant" opt_variable="CombatHandler__TreatmentBuffSelection">
				  <RadioButton label="None" value="0"/>
				  <RadioButton label="Self" value="1"/>
				  <RadioButton label="Team" value="2"/>
			  </OptionRadioButtonGroup>
		  </View>
		  <TextView value=" " layout_borders="Rect(5,5,5,5)"/>
	  </BorderView>
</root>